brand,condition,year,address,price,image-src,description
Yamaha,Venant,2022,"Fann Hock
            
                Dakar",2‚ÄØ980‚ÄØ000 F Cfa,https://i.roamcdn.net/hz/ed/listing-thumb-543w/7637c40249ef267d49f721ecf4f52b0d/-/horizon-files-prod/ed/picture/q9mj9zk0/d874bf23a50f969b594b6cda307fd25aff12cb9d.jpg,"Je vends ma Yamaha  2023 :transmission. R√©vision compl√®te √† 1200 km

Mt 07 tracer venant neuf mil et qlq km, avec ligne akrapovic carbone, avec CMC et possibilit√© de mutation en une semaine "".

Si vous √™tes int√©ress√©s ou souhaitez plus d'informations, contactez moi."
BMW,Venant,2021,"Ngaparou
            
                Thi√®s",5‚ÄØ500‚ÄØ000 F Cfa,https://i.roamcdn.net/hz/ed/listing-thumb-543w/6186e2ddce354c921279538bcb1e417a/-/horizon-files-prod/ed/picture/qv4we74g/10e67ed328a9548b474423abcad01ceeaff1aff2.jpg,Je vends ma BMW GS 1250 comme neuf  carte grise 2023 vient d'√™tre faite 5 millions 500 mil
BMW,Venant,2021,"Fann Hock
            
                Dakar",7‚ÄØ850‚ÄØ000 F Cfa,https://i.roamcdn.net/hz/ed/listing-thumb-543w/a7c87108b8ff0d511763282f08a54011/-/horizon-files-prod/ed/picture/q9mj9ejp/704a1dee759289dde83f9610372265796b09a6ac.jpg,"Je vends ma BMW  2021 :transmission. R√©vision compl√®te √† 3200 km

BMW k 1600 gtl avec sa clef let's go d'origine, neuve 3mil km, marche arri√®re √©lectrique, fermeture ouverture √©lectrique du coffre, selle chauffantes poign√©e chauffante, shifter pro up and down ""pour passer les vitesses sans embrayage"" phares adaptatif, Esa dynamique ""amortisseur r√©glable automatique"" crache barres, antibrouillard d'origine bmw baffe radio, 2 vides poche √©tanches avec chargeur, jantes en option bmw sport lux, bulle r√©glable √©lectrique avec m√©moire,,, moto pour aventure et voyage de plaisir, moteur 6 cylindre 1600 cc, r√©gulateur de vitesse,,,,,

. Si vous √™tes int√©ress√©s ou souhaitez plus d'informations, contactez moi."
Zhongyu,Neuf,2024,"Ouest foire
            
                Dakar",450‚ÄØ000 F Cfa,https://i.roamcdn.net/hz/ed/listing-thumb-543w/5ba6c971f0ae88814f81d7a5007d6ce5/-/horizon-files-prod/ed/picture/qxjpp4vn/1813e172771dd19ff6ec3191859d7423edc2c5b6.jpg,"Je vends ma Zhongyu  achet√® meme pas deux mois   :transmission. R√©vision compl√®te √† 00 km. Si vous √™tes int√©ress√©s ou souhaitez plus d'informations, contactez moi."
Kymco,Venant,2024,"Pikine
            
                Dakar",525‚ÄØ000 F Cfa,https://i.roamcdn.net/hz/ed/listing-thumb-543w/f18ab17c8bee06540e13e397bc2c25a5/-/horizon-files-prod/ed/picture/qde79eg2/656c1daf93895f12fc538884889e5e6fa21e3e8c.jpg,"Je vends ma    . R√©vision compl√®te √†  km. Si vous √™tes int√©ress√©s ou souhaitez plus d'informations, contactez moi."
Kymco,D'occasion,2010,"Mermoz
            
                Dakar",450‚ÄØ000 F Cfa,https://i.roamcdn.net/hz/ed/listing-thumb-543w/5ac61d1b69e2d9aa3a81f09db4b549b0/-/horizon-files-prod/ed/picture/qj4rnq9w/d662fb37c97e9946c3b3b667efa1d9420f8b3b07.jpg,"Je vends ma   2010 . R√©vision compl√®te √† 100 km. Si vous √™tes int√©ress√©s ou souhaitez plus d'informations, contactez moi. Papier complet Moteur d'origine normale papier complet d√©j√† Mutation et assurance"
Lifan,Neuf,2024,"Sicap Libert√©
            
                Dakar",1 F Cfa,https://i.roamcdn.net/hz/ed/listing-thumb-543w/5b33e76ef218169fafcaf98639441355/-/horizon-files-prod/ed/picture/qrz8rqgn/16ad98419af68281952b6fe7f6ef8064013b3b09.jpg,"Casque moto √† solder.

Diff√©rentes marques LS2, Jiekai, SMK, Studs, FGN ..."
Piaggio,D'occasion,2019,"Ouakam
            
                Dakar",850‚ÄØ000 F Cfa,https://i.roamcdn.net/hz/ed/listing-thumb-543w/92e41bacbc47db00e6107e392bb3bbbe/-/horizon-files-prod/ed/picture/qv4wdqn2/11cee16eedb3622ade79cae7be1337f0b2744687.jpg,"Je vends ma  beverly 250cc' √©tat impeccable. R√©vision compl√®te √†  km. Si vous √™tes int√©ress√©s ou souhaitez plus d'informations, contactez moi."
Yamaha,Neuf,2016,"Liberte 6 extension
            
                Dakar",1‚ÄØ200‚ÄØ000 F Cfa,https://i.roamcdn.net/hz/ed/listing-thumb-543w/2415b7bb0d02d8adc95ac55da83a399e/-/horizon-files-prod/ed/picture/q9mjkdj7/59969f7eb9087aad41ae9fbdf3075ff9d645faac.jpg,"Je vends ma Yamaha X-Max 2016 :transmission. R√©vision compl√®te √†  km. Si vous √™tes int√©ress√©s ou souhaitez plus d'informations, contactez moi."
Yamaha,Venant,2022,"Hann maristes
            
                Dakar",1‚ÄØ700‚ÄØ000 F Cfa,https://i.roamcdn.net/hz/ed/listing-thumb-543w/42ad8d9cd0666b950cae0664ea7accb1/-/horizon-files-prod/ed/picture/q6xdqpzj/e5a6f97336d173e28b1e441ce1ee690a7607a457.jpg,"Je vends ma Yamaha r125 2022 :transmission. R√©vision compl√®te √† 28000 km. Si vous √™tes int√©ress√©s ou souhaitez plus d'informations, contactez moi."
Polaris,D'occasion,2015,"Saly
            
                Thi√®s",12‚ÄØ885‚ÄØ000 F Cfa,https://i.roamcdn.net/hz/ed/listing-thumb-543w/9f002edc763f1ae9df1a3df0c728648c/-/horizon-files-prod/ed/picture/q6xdqgk6/7bc38aad1d61fa227ae6a8927a7cb16663cee293.jpg,"Je vends ma Polaris  2015 :transmission. R√©vision compl√®te √† 21000 km. Si vous √™tes int√©ress√©s ou souhaitez plus d'informations, contactez moi."
Yamaha,Neuf,2023,"Plateau
            
                Dakar",5‚ÄØ500‚ÄØ000 F Cfa,https://i.roamcdn.net/hz/ed/listing-thumb-543w/a958ed7c199ab6c519c294def8afbaec/-/horizon-files-prod/ed/picture/q78wjn5e/6aa7d45327513e407c74648c2d134f3224996b9c.jpg,Yamaha Tracer 9 GT 2023 couleur Pure White‚ö™Ô∏è Neuve m√™me pas encore rod√©e AV:
BMW,Venant,2023,"Dieuppeul
            
                Dakar",4‚ÄØ900‚ÄØ000 F Cfa,https://i.roamcdn.net/hz/ed/listing-thumb-543w/5c13bea4c63e0e7509d5dbcbd4ca4465/-/horizon-files-prod/ed/picture/qrz8rdwj/ee4e970bc3cd027e0888354925830dcc62670d25.jpg,"Bmw gs 1250cc triple blacks standard 2023 11ml kilom√®tres

R√©vision compl√®te √† 11000 km.

Si vous √™tes int√©ress√©s ou souhaitez plus d'informations, contactez moi.

DS BIKERS"
Honda,Venant,2020,"Castor
            
                Dakar",3‚ÄØ000‚ÄØ000 F Cfa,https://i.roamcdn.net/hz/ed/listing-thumb-543w/11c5ce48485faa73dfe8e3513b72f584/-/horizon-files-prod/ed/picture/qpdm0w04/63a09b2809814034c8e4dd2de3e8933151a6cbe2.jpg,"Je vends ma Honda X-ADV 2020 :transmission. R√©vision compl√®te √†  km. Si vous √™tes int√©ress√©s ou souhaitez plus d'informations, contactez moi."
Yamaha,D'occasion,2021,"Autres
            
                Autres",900‚ÄØ000 F Cfa,https://i.roamcdn.net/hz/ed/listing-thumb-543w/f93776ac9b6b48ef8d45c317ee140b50/-/horizon-files-prod/ed/picture/qwepggd4/1141cf4d41072b41f4080ae1fe7f6d981b6a1854.jpg,"Je vends ma   2021 . R√©vision compl√®te √†  km. Si vous √™tes int√©ress√©s ou souhaitez plus d'informations, contactez moi."
Yamaha,Neuf,2024,"Plateau
            
                Dakar",4‚ÄØ500‚ÄØ000 F Cfa,https://i.roamcdn.net/hz/ed/listing-thumb-543w/20337911b4df8a1c3fd7e1fb19bc3f5f/-/horizon-files-prod/ed/picture/qxjpgxkv/e1b7d8acaa2796c7c1b7906826d552765f4903c1.jpg,"Yamaha Tenere 700   2024 avec seulement 800 km.

-sabot moteur

-pot akra

-Support top case

-D√©j√† immatricul√©

Si vous √™tes int√©ress√©s ou souhaitez plus d'informations, contactez moi."
Honda,D'occasion,2019,"Mbour
            
                Thi√®s",3‚ÄØ200‚ÄØ000 F Cfa,https://i.roamcdn.net/hz/ed/listing-thumb-543w/c067b9ecaf85a7b2973f3d5e5275c1e5/-/horizon-files-prod/ed/picture/qj4qpxw4/c56dc9829cfeeffc17bd5dada61bdf596d35d165.jpg,"Tr√®s, tr√®s, peu roul√©e, HONDA CRF 1000, s√©rie sp√©ciale Africa Twin Adventure Sports (d√©battements de suspensions plus grands, selle plate, bulle haute et r√©servoir d'essence √† la capacit√© augment√©e). A voir √† Saly, chez Doc riders"
Suzuki,Venant,2024,"Pikine
            
                Dakar",650‚ÄØ000 F Cfa,https://i.roamcdn.net/hz/ed/listing-thumb-543w/3e348f45e9718787ef7595e7d5199fda/-/horizon-files-prod/ed/picture/q44n09nv/2145f109bbb19b9f91642e2d5fdf5db6857781c0.jpg,"Suzuki burgman 400i, venant jamais rouler ici avec papiers, moteur en parfait √©tat. Car√©nage propre et complet. D'autre scooter venant sont aussi disponibles contactez moi pour plus de d√©tails"
Suzuki,Venant,2024,"Pikine
            
                Dakar",600‚ÄØ000 F Cfa,https://i.roamcdn.net/hz/ed/listing-thumb-543w/c5018c0bfb3a1d6a5ac3e235b477a933/-/horizon-files-prod/ed/picture/qrz8nw89/1585c6cfc139ce993fc5e260e5a0bed8b58f7017.jpg,"Suzuki burgman 400cc venant jamais rouler ici avec papiers, moteur en parfait √©tat, car√©nage propre et complet

D'autre scooter venant sont aussi disponibles contactez moi pour plus de d√©tails"
Kawasaki,Venant,2024,"Pikine
            
                Dakar",950‚ÄØ000 F Cfa,https://i.roamcdn.net/hz/ed/listing-thumb-543w/b348847746f4783a9e27700d89b11dc8/-/horizon-files-prod/ed/picture/qxjpgmp0/b6d8a17f852493e2bb09049876ab3f7b6ce41bd2.jpg,"Je vends ma    . R√©vision compl√®te √†  km. Si vous √™tes int√©ress√©s ou souhaitez plus d'informations, contactez moi."
SYM,Venant,2016,"Cit√© keur gorgui
            
                Dakar",500‚ÄØ000 F Cfa,https://i.roamcdn.net/hz/ed/listing-thumb-543w/a70806b784c379cc2252f39861203655/-/horizon-files-prod/ed/picture/q78wj7rz/d41b571bd927ea5db910b0d6d67751bdef164514.jpg,"Je vends ma SYM fiddle3 moteur 200 injection venant propre disponible avec CMC plus assurance 3mois. Si vous √™tes int√©ress√©s ou souhaitez plus d'informations, contactez moi."
BMW,Venant,2020,"Almadies
            
                Dakar",3‚ÄØ900‚ÄØ000 F Cfa,https://i.roamcdn.net/hz/ed/listing-thumb-543w/609693d9b55269fff4e930fb4fdd5cf7/-/horizon-files-prod/ed/picture/qde70z60/c7226c9dc724eee4859646b72409618142c35a0f.jpg,"Je vends ma BMW GS850 ADVENTURE  2020. Compteur a 6000 km visible aux almadies. Si vous √™tes int√©ress√©s ou souhaitez plus d'informations, contactez moi."
BMW,D'occasion,2018,"Almadies
            
                Dakar",3‚ÄØ300‚ÄØ000 F Cfa,https://i.roamcdn.net/hz/ed/listing-thumb-543w/e22052b7a039e09a8fffde683cd14a96/-/horizon-files-prod/ed/picture/q2j07xq8/6cd518a40f0bf815d93e25af9d13822056d5dab0.jpg,"Je vends ma BMW  GS1200 ann√©e 2018 :transmission.  kilom√©trage 6200 km. Avec Carte grise. Si vous √™tes int√©ress√©s ou souhaitez plus d'informations, contactez moi .visible aux Almadies"
Aprilia,Venant,2014,"Guediawaye
            
                Dakar",850‚ÄØ000 F Cfa,https://i.roamcdn.net/hz/ed/listing-thumb-543w/595e46633a48a41f24d506bdf80bcec2/-/horizon-files-prod/ed/picture/qkr8g9vx/7d72eb5090745934c847d0ed4c4ef7840a69f42a.jpg,"Moto Sportcity 250 2014 :transmission. R√©vision compl√®te √† 18000 km. Si vous √™tes int√©ress√©s ou souhaitez plus d'informations, contactez moi."
Honda,D'occasion,2024,"Pikine
            
                Dakar",3‚ÄØ000‚ÄØ000 F Cfa,https://i.roamcdn.net/hz/ed/listing-thumb-543w/149452e9edbd303f25cddbca2de810fc/-/horizon-files-prod/ed/picture/q0g7nq66/96a8cf2f1e32129a7e739febd04a3fb421dcb005.jpg,"Je vends ma   2024 . R√©vision compl√®te √†  km. Si vous √™tes int√©ress√©s ou souhaitez plus d'informations, contactez moi."
BMW,Venant,2010,"Hann maristes
            
                Dakar",1‚ÄØ900‚ÄØ000 F Cfa,https://i.roamcdn.net/hz/ed/listing-thumb-543w/f094b90e623c813d76a27d036ca7ed30/-/horizon-files-prod/ed/picture/qngp7rjr/63338ed5d59da6925cae3150490c089ebf834b8e.jpg,"Je vends ma BMW RT ann√©e 2010 :transmission. R√©vision compl√®te √† 67000 km. Si vous √™tes int√©ress√©s ou souhaitez plus d'informations, contactez moi."
Yamaha,Venant,2023,"Hann maristes
            
                Dakar",3‚ÄØ200‚ÄØ000 F Cfa,https://i.roamcdn.net/hz/ed/listing-thumb-543w/caa5bfe25551e2340a9000cc91197ea4/-/horizon-files-prod/ed/picture/q2j08zqq/faa9f1d5e7ee45cfe1dabd34a44a5d563a9cf19d.jpg,"Je vends ma Yamaha Tracer700 ann√©e 2023 :transmission. R√©vision compl√®te √† 3000 km. Si vous √™tes int√©ress√©s ou souhaitez plus d'informations, contactez moi."
Piaggio,Venant,2008,"Guediawaye
            
                Dakar",800‚ÄØ000 F Cfa,https://i.roamcdn.net/hz/ed/listing-thumb-543w/a48b909c58afc6074e4ab0181daf5397/-/horizon-files-prod/ed/picture/qq42wqdn/f8227364d9ce0b38f39a72b33b1249b6f90ba00a.jpg,"Je vends ma Piaggio X7 2008 :transmission. R√©vision compl√®te √† 34000 km. Si vous √™tes int√©ress√©s ou souhaitez plus d'informations, contactez moi."
BMW,D'occasion,2018,"Almadies
            
                Dakar",3‚ÄØ200‚ÄØ000 F Cfa,https://i.roamcdn.net/hz/ed/listing-thumb-543w/a1dda65e25c6b8f6ab1d3bdcdf6bc3e5/-/horizon-files-prod/ed/picture/q0g78nmz/54997fa4a40131c1f3f94e4fb28b6cfa8ebcf6d4.jpg,"Je vends ma BMW  GS1200 :transmission. Compteur  √† 6000 km. Si vous √™tes int√©ress√©s ou souhaitez plus d'informations, contactez moi."
BMW,D'occasion,2020,"Almadies
            
                Dakar",3‚ÄØ800‚ÄØ000 F Cfa,https://i.roamcdn.net/hz/ed/listing-thumb-543w/9312f3d5d0beb8ef48629fd5965409df/-/horizon-files-prod/ed/picture/qq42w9pn/dadbf292ebe3ec428fa8d31ff141aae7feebd641.jpg,"Je vends ma BMW  GS850 ADVENTURE  2020 :transmission. Kilometrage √† 19000 km. Si vous √™tes int√©ress√©s ou souhaitez plus d'informations, contactez moi."
Piaggio,Venant,2010,"M√©dina
            
                Dakar",1 F Cfa,https://i.roamcdn.net/hz/ed/listing-thumb-543w/31c56be9dea5a399764685285bc1de43/-/horizon-files-prod/ed/picture/q44nrrzm/f1f6dcd9e2a0aa2a17a281bfe08ee7d5aae7b9a8.jpg,"Je vends  un beverly tourer 400cm3 et tout genres de scooter Yamaha X max, Piaggio, Honda sh etc...,venant d'Europe Si vous √™tes int√©ress√©s ou souhaitez plus d'informations, contactez moi."
Suzuki,D'occasion,2007,"Mboro
            
                Thi√®s",800‚ÄØ000 F Cfa,https://i.roamcdn.net/hz/ed/listing-thumb-543w/a55228a1c4c89830c93e931f4ab7dea4/-/horizon-files-prod/ed/picture/qxjpwk62/f1ca5003693c73d42ffa3d56ee19ca741f93bff0.jpg,"Je vends ma   2007 . R√©vision compl√®te √† 150000 km. Si vous √™tes int√©ress√©s ou souhaitez plus d'informations, contactez moi."
BMW,Venant,2023,"Dieuppeul
            
                Dakar",5‚ÄØ500‚ÄØ000 F Cfa,https://i.roamcdn.net/hz/ed/listing-thumb-543w/af76411498422d0d69037026fa1df7a8/-/horizon-files-prod/ed/picture/q78wx955/ee12bcb72c37073a3e3af6f3a9702ab80834f9e4.jpg,"Bmw gs rallye 1250cc 2023 5ml kilom√®tres 5million 500ml

Si vous √™tes int√©ress√©s ou souhaitez plus d'informations, contactez moi."
BMW,Venant,2023,"Dieuppeul
            
                Dakar",6‚ÄØ900‚ÄØ000 F Cfa,https://i.roamcdn.net/hz/ed/listing-thumb-543w/3a0f68ba3ab341354be0dd50784b1c5c/-/horizon-files-prod/ed/picture/q9mjrw95/a3cf80098b952dabe4e8e0b257b7029ffef2e142.jpg,"BMW GS 1250CC ADVENTURE TRIPLE BLACKS 2023 20ML KILOM√àTRES 6MILLION 900ML

Si vous √™tes int√©ress√©s ou souhaitez plus d'informations, contactez moi."
BMW,Venant,2023,"Dieuppeul
            
                Dakar",3‚ÄØ900‚ÄØ000 F Cfa,https://i.roamcdn.net/hz/ed/listing-thumb-543w/60eebf5d9938dc4644c36bb6f3da2686/-/horizon-files-prod/ed/picture/qngp02x0/a4f3ee3276a007c2f2057fcd5306c8f966ad8016.jpg,"Bmw r1200 ninet scranbler 2023 7ml kilom√®tres

Si vous √™tes int√©ress√©s ou souhaitez plus d'informations, contactez moi."
BMW,Venant,2023,"Dieuppeul
            
                Dakar",4‚ÄØ500‚ÄØ000 F Cfa,https://i.roamcdn.net/hz/ed/listing-thumb-543w/a9b825bf2ff199b3b10623fc7bde926b/-/horizon-files-prod/ed/picture/q2j07kkg/c6f091d9a9e97c01c82720a13b8409300943463b.jpg,"Bmw gs 850cc adventur 2023 3ml kilom√®tres

R√©vision compl√®te √† 3000 km. Si vous √™tes int√©ress√©s ou souhaitez plus d'informations, contactez moi."
BMW,Venant,2023,"Dieuppeul
            
                Dakar",6‚ÄØ000‚ÄØ000 F Cfa,https://i.roamcdn.net/hz/ed/listing-thumb-543w/c9908b22a633a2fd482f997fa4f842f3/-/horizon-files-prod/ed/picture/qkr8p77p/50b8c6d166ca0b45c222227a5c94d8db1798878d.jpg,"Bmw gs 1250cc troph√©es 2023

Si vous √™tes int√©ress√©s ou souhaitez plus d'informations, contactez moi."
Suzuki,Venant,2015,"Sangalkam
            
                Dakar",550‚ÄØ000 F Cfa,https://i.roamcdn.net/hz/ed/listing-thumb-543w/6a23ad7a585b02bf561f1c8f25aa53a5/-/horizon-files-prod/ed/picture/qj4q5278/f1d2226df775ec7e495aacafc59f8a92ab6590a7.jpg,"Je vends ma   2015 :transmission. R√©vision compl√®te √† 15000 km. Si vous √™tes int√©ress√©s ou souhaitez plus d'informations, contactez moi."
SYM,Venant,2023,"Fann Hock
            
                Dakar",2‚ÄØ950‚ÄØ000 F Cfa,https://i.roamcdn.net/hz/ed/listing-thumb-543w/97050b39393db9e428f236b9380c2382/-/horizon-files-prod/ed/picture/qzvpdn68/ce216407055142c74750bd2ff3135bbd5f14d5b8.jpg,"Je vends ma SYM  2023 :transmission. R√©vision compl√®te √† 5000 km

Maxsym 508 tl, moteur 2 cylindres, ligne compl√®te akrapovic, variateur malossi ressort de pouss√©e malossi, moto hyper nerveuse, ABS, transmission chaine, bras arri√®re aluminium, fourche invers√©e, √©triers √† fixation radiale, leviers freins r√©glables, √©cran couleur avec affichage de consommation moyenne et instantan√©e, temp√©rature moteur, compteur tour/min autonomie restante,,, phares full LED "" pi√®ces moteur identique que tmax"" . Si vous √™tes int√©ress√©s ou souhaitez plus d'informations, contactez moi."
KTM,Venant,2022,"Fann Hock
            
                Dakar",3‚ÄØ280‚ÄØ000 F Cfa,https://i.roamcdn.net/hz/ed/listing-thumb-543w/f5219e526c796fd5f970369e86c16006/-/horizon-files-prod/ed/picture/qkr8gjwp/162cf52be3aad5df1c890a28043f64ba7d201316.jpg,"Je vends ma KTM Duke 2022 :transmission. R√©vision compl√®te √†  km

Ktm Duke 890 venant,tr√®s propre avec demie ligne comp√©tition 2 sorties,√©cran TFT couleur,ABS modulable en mode sport drift ou normal,differents modes de conduite , traction contr√¥le r√©glable,anti weeling r√©glable,shifter pro up and down pour passer les vitesse sans embrayage, moto hyper puissante 128 ch ""la moto la plus puissante et coupleuse de sa cat√©gorie"" Tr√®s l√©g√®re 169 kg! Et surtout par pr d√©buter les motos, phares et feu arri√®re LED. Si vous √™tes int√©ress√©s ou souhaitez plus d'informations, contactez moi."
Yamaha,Venant,2024,"Fann Hock
            
                Dakar",5‚ÄØ250‚ÄØ000 F Cfa,https://i.roamcdn.net/hz/ed/listing-thumb-543w/357d349535a235ea655dd6bd98cfb64a/-/horizon-files-prod/ed/picture/q2j0qp8p/f37918ab925cd527521a6ef6c6891eca6d75316f.jpg,"Je vends ma Yamaha  2024 :transmission. R√©vision compl√®te √† 800 km

Yamaha T√©n√©r√© venant neuf 800km √©cran tft ,en parfait √©tat ,avec cmc et possibilit√© de muter

. Si vous √™tes int√©ress√©s ou souhaitez plus d'informations, contactez moi."
Arctic Cat,D'occasion,2010,"Pikine
            
                Dakar",1‚ÄØ500‚ÄØ000 F Cfa,https://i.roamcdn.net/hz/ed/listing-thumb-543w/cec4726719db22aab5cc763475e8cca3/-/horizon-files-prod/ed/picture/qwepn5k4/5ba0cf8d6026cd84deaa4be5584b6bcdb2e0ed1d.jpg,"Je vends ma Arctic Cat  2010 :transmission. R√©vision compl√®te √† 30000 km. Si vous √™tes int√©ress√©s ou souhaitez plus d'informations, contactez moi."
KTM,Venant,2023,"Hann maristes
            
                Dakar",2‚ÄØ300‚ÄØ000 F Cfa,https://i.roamcdn.net/hz/ed/listing-thumb-543w/6fdbe3a39fe125c0919896f03f78b329/-/horizon-files-prod/ed/picture/q44nrd9r/d8fc325538e4d91dc00e6e5d0321feffe1b17a2f.png,"Je vends ma husquvarna 401 ann√©e 2023 sifter up and down tr√®s nerveux :transmission. R√©vision compl√®te √† 60000 km. Si vous √™tes int√©ress√©s ou souhaitez plus d'informations, contactez moi."
Aprilia,Venant,2010,"Guediawaye
            
                Dakar",800‚ÄØ000 F Cfa,https://i.roamcdn.net/hz/ed/listing-thumb-543w/b111329a4671a26233994819120f9896/-/horizon-files-prod/ed/picture/qm5gv7wj/90077db6521863cd36464e8dba4574f38d7155d3.jpg,"Je vends ma Aprilia Sportcity 2010 :transmission. R√©vision compl√®te √† 5000 km. Si vous √™tes int√©ress√©s ou souhaitez plus d'informations, contactez moi."
Vespa,D'occasion,2022,"Plateau
            
                Dakar",700‚ÄØ000 F Cfa,https://i.roamcdn.net/hz/ed/listing-thumb-543w/7b2fbf858227d15d6854415d3e6a26af/-/horizon-files-prod/ed/picture/qq42wjp4/10298f3ff0a3670a1024a64676724fdb18a6f7ca.jpg,"Je vends ma Vespa 125 en tr√®s bon √©tat peu roul√©, seulement 4200 km. Achet√©e √† 1 300 000 frs et vendu √† 700 000 frs. Si vous √™tes int√©ress√©s ou souhaitez plus d'informations, contactez moi."
Honda,Neuf,2017,"Parcelles Assainies
            
                Dakar",550‚ÄØ000 F Cfa,https://i.roamcdn.net/hz/ed/listing-thumb-543w/4058ab056d83453265ff0d7fc7a1f82e/-/horizon-files-prod/ed/picture/qgqwd952/d90faf1e2c808cea950e844094190f1f339f22f2.jpg,"Je vends ma mato 2017 .

R√©vision compl√®te √† 160 km. Si vous √™tes int√©ress√©s ou souhaitez plus d'informations, contactez moi."
Yamaha,Neuf,2024,"Liberte 6 extension
            
                Dakar",1‚ÄØ400‚ÄØ000 F Cfa,https://i.roamcdn.net/hz/ed/listing-thumb-543w/b226651da89b54edad63b3fa052138d8/-/horizon-files-prod/ed/picture/q44n68gp/85a7dddd9169f5577093188d86a46346902a819f.jpg,"Je vends ma Yamaha  2024 :transmission. R√©vision compl√®te √†  km. Si vous √™tes int√©ress√©s ou souhaitez plus d'informations, contactez moi."
Honda,D'occasion,2019,"Plateau
            
                Dakar",2‚ÄØ800‚ÄØ000 F Cfa,https://i.roamcdn.net/hz/ed/listing-thumb-543w/9a9b2a98719084cf2886ea277013b4dd/-/horizon-files-prod/ed/picture/qrz8j8nq/779241dd220251ffaa30661fb1bf9cfa157f7af7.jpg,"Je vends ma Honda X-ADV 2019 :transmission. R√©vision compl√®te √† 12000 km. Si vous √™tes int√©ress√©s ou souhaitez plus d'informations, contactez moi."
Yamaha,Venant,2012,"Saly Portudal
            
                Thi√®s",750‚ÄØ000 F Cfa,https://i.roamcdn.net/hz/ed/listing-thumb-543w/d211d658857c1bf47d5d652074fea896/-/horizon-files-prod/ed/picture/q6xddx9j/c5284594fe351e868e0d4bc139f4bfc3786df635.jpg,"√Ä VENDRE PIWI 50

Piwi original yamaha

Rare au S√©n√©gal !

Venant de France !!

750,000fcfa discutable !!

visible √† saly"
Bajaj,Neuf,2024,"Liberte 6
            
                Dakar",500‚ÄØ000 F Cfa,https://i.roamcdn.net/hz/ed/listing-thumb-543w/5638a7afc28b7a65af8c828cc5a5e1b4/-/horizon-files-prod/ed/picture/q8v4m0w4/2bdd769e04c4f2bea062d0e6060f3cc30ec5343f.jpg,"Je vends ma Bajaj  2024 :transmission. R√©vision compl√®te √† 33725 km.

Avec port cl√©s USB et tr√©s pratiques pour vos services de livraison..

Vendu avec Carte Grise Plaque et assurance 12 mois..

Si vous √™tes int√©ress√©s ou souhaitez plus d'informations, contactez moi."
Honda,D'occasion,2022,"Grand-Dakar
            
                Dakar",1‚ÄØ600‚ÄØ000 F Cfa,https://i.roamcdn.net/hz/ed/listing-thumb-543w/4af89b6950623f3dab2e7154761cd412/-/horizon-files-prod/ed/picture/q6xdrr84/3a3aacb1d950b729604a663c8733933d3e0e6e15.jpg,"Je vends ma Honda SH 2022 :transmission. R√©vision compl√®te √†  km. Si vous √™tes int√©ress√©s ou souhaitez plus d'informations, contactez moi."
Lifan,Neuf,2024,"Sicap Libert√©
            
                Dakar",1‚ÄØ350‚ÄØ000 F Cfa,https://i.roamcdn.net/hz/ed/listing-thumb-543w/bc77bc9535f4e18fae1c264af1086fd3/-/horizon-files-prod/ed/picture/qkr88488/5b1dd419440d6730def3b3adef0d2f065462d092.jpg,"Bonjour,

Moto Tricycle avec carte grise, plaque et assurance 12 mois."
Kymco,Venant,2024,"Pikine
            
                Dakar",525‚ÄØ000 F Cfa,https://i.roamcdn.net/hz/ed/listing-thumb-543w/e2f834f2be757c193876070b9536a76f/-/horizon-files-prod/ed/picture/q6xdqxj4/aaec4e39bcbcf5ea9ebf695b7c42f05aed5768b4.jpg,"Kymco like 125cc venant jamais rouler ici avec papiers,  car√©nage propre et complet."
Kawasaki,Venant,2024,"Pikine
            
                Dakar",950‚ÄØ000 F Cfa,https://i.roamcdn.net/hz/ed/listing-thumb-543w/3892a733aeb1f0ac73af86b6e07af830/-/horizon-files-prod/ed/picture/qngp7qvw/4e4cbf6675a16993e05c93fcc47b00127237d281.jpg,"Moto kawazaki 650er-6n venant jamais rouler ici, avec tous les papiers,  en parfait √©tat,  tout est impeccable,  moto r√©put√© pour sa solidit√© et sa fiabilit√©. Appelez pour plus de d√©tails"
TGB,Neuf,2022,"Mbour
            
                Thi√®s",5‚ÄØ980‚ÄØ000 F Cfa,https://i.roamcdn.net/hz/ed/listing-thumb-543w/3c2b1c7155618c28c0088292fff63aad/-/horizon-files-prod/ed/picture/qkr8xqjw/d6f24505d2294ed89fe932d68862e6b79c0feaf6.jpg,"Je vends ma TGB  2022 :transmission. R√©vision compl√®te √† 3400 km. Si vous √™tes int√©ress√©s ou souhaitez plus d'informations, contactez moi."
Piaggio,D'occasion,2018,"Yoff
            
                Dakar",750‚ÄØ000 F Cfa,https://i.roamcdn.net/hz/ed/listing-thumb-543w/8000534fa6fb41f314537adb0113662c/-/horizon-files-prod/ed/picture/qngpjk6r/a974a759c655f330086b803ce73ef7997387f310.jpg,"Je vends ma Piaggio Medley 2018 , 125 LET'S GO!  avec carte grise et assurance.

Num√©ro de ch√¢ssis: RP8MA0220JV109045 (MEDLEY 150 ABS SE GRIGIO 742/B) - NCQ2EZ1U09

Catalogue: PIAGGIO - Medley 150 - Medley 150 4T ie ABS E4 - 2016 - 2020 (EMEA) [NCQ2000U01]

Produit fini: NCQ2EZ1U09

couleur: GRIGIO 742/B

Version mod√®le: Version Sport Edition

Date de fabrication: 08/02/2018"
BMW,Venant,2024,"Almadies
            
                Dakar",9‚ÄØ000‚ÄØ000 F Cfa,https://i.roamcdn.net/hz/ed/listing-thumb-543w/f7a82616230b415e4834476fd3bf4ee3/-/horizon-files-prod/ed/picture/qq425xz7/cabc1b95c4f92a9aea2839d6a302ea8e011a0571.jpg,"Superbe GS 1300, Ann√©e 2024"
Honda,Venant,2023,"Plateau
            
                Dakar",4‚ÄØ950‚ÄØ000 F Cfa,https://i.roamcdn.net/hz/ed/listing-thumb-543w/31fdef15f4ddd2d71dd758889190bf67/-/horizon-files-prod/ed/picture/qxjpkmr2/a853f3501ef406deb6a65229851d74c0c51efa64.jpg,"X Adv 750cm3 venant  2023 avec 6700 km au compteur avec cmc. Prix n√©gociable, pour plus d'informations, contactez moi."
Yamaha,Venant,2018,"Plateau
            
                Dakar",2‚ÄØ300‚ÄØ000 F Cfa,https://i.roamcdn.net/hz/ed/listing-thumb-543w/44d49e75bba26e02ef8378ace8c56fe5/-/horizon-files-prod/ed/picture/qngpjerm/4b104da5dbd7dd777343e48008350c3e1cb7e1be.png,"√Ä Vendre : Yamaha T-Max DX 530

Je mets en vente ma Yamaha T-Max DX 530 en tr√®s bon √©tat."
Ducati,Venant,2018,"M√©dina
            
                Dakar",5‚ÄØ000‚ÄØ000 F Cfa,https://i.roamcdn.net/hz/ed/listing-thumb-543w/6ae258dbbef9890688571fa31aa73eed/-/horizon-files-prod/ed/picture/qm5gj2ej/10d63abf652d1d32c7b1b70e334aa7cef7c87933.jpg,"Je vends ma Ducati Panigale 2018:

Transmission manuelle.

(Les options suppl√©mentaires √† regarder sur le net)

Si vous √™tes int√©ress√©s ou souhaitez plus d'informations, contactez moi."
Honda,Venant,2020,"Plateau
            
                Dakar",850‚ÄØ000 F Cfa,https://i.roamcdn.net/hz/ed/listing-thumb-543w/e197c461cd758a5d16928da867fa64a1/-/horizon-files-prod/ed/picture/q44n6egz/66564cd8d5df95dbf6b5c4ac1a5941cff189528c.jpg,"Je vends ma Honda PCX 2020 lesgo tr√®s propre venant peu utiliser transmission. R√©vision compl√®te √†  km. Si vous √™tes int√©ress√©s ou souhaitez plus d'informations, contactez moi."
Yamaha,D'occasion,2022,"Plateau
            
                Dakar",6‚ÄØ000‚ÄØ000 F Cfa,https://i.roamcdn.net/hz/ed/listing-thumb-543w/6c773db77b0dcab3d19bcd8a8762024e/-/horizon-files-prod/ed/picture/qde7nr25/753d096914ce8cbc8530e06574f3052d9039bee8.jpg,"Je vends ma Yamaha YZF-R1 2022

Ligne complete Arrow + ligne et pot d'origine."
Suzuki,Venant,1994,"Camb√©r√®ne
            
                Dakar",650‚ÄØ000 F Cfa,https://i.roamcdn.net/hz/ed/listing-thumb-543w/e68e9c6edab9dbb25b80103c4f2872e7/-/horizon-files-prod/ed/picture/qkr8x9jn/8f6abba39c782ff2cee966f3d8d7a17c1a6e97bb.jpg,"Je vends ma Suzuki GS 1994 :transmission. R√©vision compl√®te √†  km. Si vous √™tes int√©ress√©s ou souhaitez plus d'informations, contactez moi."
Honda,Venant,2020,"Hann maristes
            
                Dakar",3‚ÄØ700‚ÄØ000 F Cfa,https://i.roamcdn.net/hz/ed/listing-thumb-543w/9fe5b3704293c1f4a3b654409f63f822/-/horizon-files-prod/ed/picture/qngpwgzk/10739ab46e301cb28964a71989ed3fcc8a13a3b9.jpg,"Je vends ma Honda CRF africa twin 1000 L boite manuel ann√©e 2020 :transmission. R√©vision compl√®te √† 9000 km. Si vous √™tes int√©ress√©s ou souhaitez plus d'informations, contactez moi."
BMW,Venant,2020,"Hann maristes
            
                Dakar",5‚ÄØ500‚ÄØ000 F Cfa,https://i.roamcdn.net/hz/ed/listing-thumb-543w/480093ffeef930ef47f8d7e5126acbc8/-/horizon-files-prod/ed/picture/q9mjgjgj/c7cd24d0dc36e74c78309ef37fc44925601d7337.jpg,"Je vends ma BMW R1250 adventur ann√©e 2020 tr√®s propre venant :transmission. R√©vision compl√®te √† 30000 km. Si vous √™tes int√©ress√©s ou souhaitez plus d'informations, contactez moi."
Yamaha,Venant,2024,"Liberte 6 extension
            
                Dakar",700‚ÄØ000 F Cfa,https://i.roamcdn.net/hz/ed/listing-thumb-543w/e7be0721d7f02afb6d44a81a2f17f681/-/horizon-files-prod/ed/picture/qxjpqgq4/12017b9fb4c60180d774e38eb896e63acfdd8ed3.jpg,"Je vends ma Yamaha X-City 2024 :transmission. R√©vision compl√®te √†  km. Si vous √™tes int√©ress√©s ou souhaitez plus d'informations, contactez moi."
Honda,Venant,2023,"Keur Massar
            
                Dakar",4‚ÄØ500‚ÄØ000 F Cfa,https://i.roamcdn.net/hz/ed/listing-thumb-543w/95873e83d1c0a5a93fccf206c67bc597/-/horizon-files-prod/ed/picture/qq426656/1e413aa2a76e248897aa9e1e3f268026ab471707.jpg,"Je vends ma Honda XRV Africa Twin 2023 :transmission. R√©vision compl√®te √† 32000 km. Si vous √™tes int√©ress√©s ou souhaitez plus d'informations, contactez moi."
BMW,D'occasion,2015,"Mbour
            
                Thi√®s",3‚ÄØ000‚ÄØ000 F Cfa,https://i.roamcdn.net/hz/ed/listing-thumb-543w/70cfb4481d3aedbfcdf4085c207db534/-/horizon-files-prod/ed/picture/qq426xrk/cb03df29d8cd10ab51542cd79acce265359fbe2f.jpg,"Pour cause de d√©part,  je me s√©pare de ma GS F700 de 2015 :"
Honda,D'occasion,2006,"Hann maristes
            
                Dakar",450‚ÄØ000 F Cfa,https://i.roamcdn.net/hz/ed/listing-thumb-543w/dea77a3634ecf3810f48f64d41824d3c/-/horizon-files-prod/ed/picture/qkr80kv5/07a75f580128913b6280711ef4c25d3202314c5c.jpg,"Je vends ma Honda SH 2006 :transmission. R√©vision compl√®te √† 30000 km. Si vous √™tes int√©ress√©s ou souhaitez plus d'informations, contactez moi."
BMW,Venant,2024,"Cit√© Damel
            
                Dakar",9‚ÄØ000‚ÄØ000 F Cfa,https://i.roamcdn.net/hz/ed/listing-thumb-543w/9b70e4e1f564b3217b1a39f0ed9d5447/-/horizon-files-prod/ed/picture/q78wg60q/8df857bab8b3ec10c739b3f1ca8681d42d8bfd86.jpg,"Je vends ma    Bmw gs 1300 2024 option 719

Full option gs

3000km

Venant fr

Mod√©l tres rare a Dakar

Prix: 9million"
BMW,D'occasion,2023,"Grand-Dakar
            
                Dakar",5‚ÄØ500‚ÄØ000 F Cfa,https://i.roamcdn.net/hz/ed/listing-thumb-543w/64a2593311837a4373668ecdd0812ff0/-/horizon-files-prod/ed/picture/qwepw7k0/b950a87161c56c4a41166711edbbf9a53306be61.jpg,"Je vends ma BMW G 2023 :transmission. R√©vision compl√®te √† 14000 km. Si vous √™tes int√©ress√©s ou souhaitez plus d'informations, contactez moi."
Yamaha,D'occasion,2023,"Plateau
            
                Dakar",4‚ÄØ000‚ÄØ000 F Cfa,https://i.roamcdn.net/hz/ed/listing-thumb-543w/47b3a95a5b306d3c560b5467dfaba6bf/-/horizon-files-prod/ed/picture/qq4260mv/95204cabaf6e866f59e20efa6aad308b25cedbce.jpg,"Je vends Yamaha  t√©n√©r√© 700 2023   Parfait √©tat. Si vous √™tes int√©ress√©s ou pour plus d'informations, me contactez.

Pas s√©rieux, s'abstenir."
Yamaha,Venant,2020,"Plateau
            
                Dakar",3‚ÄØ000‚ÄØ000 F Cfa,https://i.roamcdn.net/hz/ed/listing-thumb-543w/06665403bb30b4628f035669ade5acbf/-/horizon-files-prod/ed/picture/q6xdvppp/bfdf71bc8c86922f5a6254c3bb536c294592836b.jpg,"Je vends ma Yamaha Tracer GT 2020 900cm3 :transmission. R√©vision compl√®te √† 25000 km. Si vous √™tes int√©ress√©s ou souhaitez plus d'informations, contactez moi."
Piaggio,Venant,2008,"Hann maristes
            
                Dakar",650‚ÄØ000 F Cfa,https://i.roamcdn.net/hz/ed/listing-thumb-543w/5abbdd6d201607d2b7d6696c17dba1d0/-/horizon-files-prod/ed/picture/q8v4gqrr/3262e77eeab01e28f669712f8da1c5916d0bc61f.jpg,"Je vends ma vespa star LML moteur 200cc manuel 4t 2008 :transmission. R√©vision compl√®te √† 17000 km. Si vous √™tes int√©ress√©s ou souhaitez plus d'informations, contactez moi."
Yamaha,Venant,2015,"Parcelles Assainies
            
                Dakar",750‚ÄØ000 F Cfa,https://i.roamcdn.net/hz/ed/listing-thumb-543w/fa0ffd9b9ae907152d117693a0ae0ac1/-/horizon-files-prod/ed/picture/q56dvwgr/6b63515f7f239d0a51723d8d61ae282aa993bd4b.jpg,"Je vends ma Yamaha X-City 250 :transmission. R√©vision compl√®te √†  km. Si vous √™tes int√©ress√©s ou souhaitez plus d'informations, contactez moi."
Yamaha,Venant,2015,"Parcelles Assainies
            
                Dakar",750‚ÄØ000 F Cfa,https://i.roamcdn.net/hz/ed/listing-thumb-543w/48f2cd51fe39996dc20f7d3845b76177/-/horizon-files-prod/ed/picture/qenv2dxx/b57de749b56cbfa8fb8204e6a14c6afbe332f32c.jpg,"Je vends ma Yamaha X-City 2015 :transmission. R√©vision compl√®te √†  km. Si vous √™tes int√©ress√©s ou souhaitez plus d'informations, contactez moi."
Yamaha,D'occasion,2024,"Sicap Libert√©
            
                Dakar",250‚ÄØ000 F Cfa,https://i.roamcdn.net/hz/ed/listing-thumb-543w/0648da96b117e9cd33559c525342f502/-/horizon-files-prod/ed/picture/qj4q2me6/3050826df1060da4dc76d9ffea9d82421fa775b5.jpg,"Je vends ma    . R√©vision compl√®te √†  km. Si vous √™tes int√©ress√©s ou souhaitez plus d'informations, contactez moi."
Yamaha,Venant,2021,"Liberte 6 extension
            
                Dakar",1‚ÄØ600‚ÄØ000 F Cfa,https://i.roamcdn.net/hz/ed/listing-thumb-543w/05ac5990e2704efa7dda4b2d8c7f316e/-/horizon-files-prod/ed/picture/q78w952z/52666e4dddd1117d8341c51b422554f3a48a7fe3.jpg,"Je vends ma Yamaha  2021 :transmission. R√©vision compl√®te √†  km. Si vous √™tes int√©ress√©s ou souhaitez plus d'informations, contactez moi."
Vespa,D'occasion,2017,"Ouakam
            
                Dakar",1‚ÄØ700‚ÄØ000 F Cfa,https://i.roamcdn.net/hz/ed/listing-thumb-543w/78937f0836727eac7d96325aa61225df/-/horizon-files-prod/ed/picture/q78wprgz/6f8ddd83e674297d810cd9fac677625c8da70c1e.jpg,"Bonjour

Je vends mon scooter, il est en tr√®s bon √©tat et tr√®s bien entretenu.

entretien sur la base militaire fran√ßaise.

√† voir sur OUAKAM"
Bajaj,Neuf,2024,"Sicap Libert√©
            
                Dakar",1 F Cfa,https://i.roamcdn.net/hz/ed/listing-thumb-543w/cdb8901fb1d1e836b2ead0ff0d33bb27/-/horizon-files-prod/ed/picture/qngp29k0/b3354618c602dd44779656f8684e0b454aa51097.jpg,"Un kit de #tricycles pour entreprise professionnelle de la #distribution.

Le terrain, un aspect √† ne jamais n√©gliger.

Le saviez-vous ?

La strat√©gie marketing et commerciale bien r√©fl√©chie et mise en ≈ìuvre est un r√©el facteur de succ√®s global.

Avec ce kit, vous √©laborez une strat√©gie marketing bas√©e sur la prospection-distribution : vous faites de la distribution tout en faisant la promotion de vos produits.

C'est plus rentable que les panneaux publicitaires s√©dentaires.

Vous b√©n√©ficiez d'un v√©ritable effet de levier commercial tout au long de la journ√©e, sans avoir √† puiser sur votre budget de prospection, d'activation ou de r√©activation.

Si vous √™tes int√©ress√©s ou souhaitez plus d'informations, contactez moi."
Yamaha,Neuf,2024,"Liberte 6 extension
            
                Dakar",800‚ÄØ000 F Cfa,https://i.roamcdn.net/hz/ed/listing-thumb-543w/5343d2d84db695533f272adb083eac42/-/horizon-files-prod/ed/picture/q44n7r8z/69908dcc21ae09c89a6a4da54db6eb6c02f44866.jpg,"Je vends ma Yamaha   :transmission. R√©vision compl√®te √†  km. Si vous √™tes int√©ress√©s ou souhaitez plus d'informations, contactez moi."
Yamaha,Neuf,2023,"Almadies
            
                Dakar",4‚ÄØ400‚ÄØ000 F Cfa,https://i.roamcdn.net/hz/ed/listing-thumb-543w/acdf919b39f365dd0c37aad412d5bc40/-/horizon-files-prod/ed/picture/q2j057pv/b34990e43ddfeef29d7d9eaa8c61f52c019dee9f.jpg,"Je vends ma Yamaha R7 2023 :transmission. R√©vision compl√®te √† 1000 km. Si vous √™tes int√©ress√©s ou souhaitez plus d'informations, contactez moi.

NB: la moto est casiment neuve."
Suzuki,Venant,2024,"Pikine
            
                Dakar",575‚ÄØ000 F Cfa,https://i.roamcdn.net/hz/ed/listing-thumb-543w/50c3274e064a7970898f3fa923e82442/-/horizon-files-prod/ed/picture/q78wgv4j/de61e9e51a92c532f4711a44e3ece672fc4a304b.jpg,"Suzuki burgman 250cc, venant jamais rouler ici avec papiers, moteur en parfait √©tat"
Autre,D'occasion,2013,"Guediawaye
            
                Dakar",800‚ÄØ000 F Cfa,https://i.roamcdn.net/hz/ed/listing-thumb-543w/3178618c57670dc8134be535a068e761/-/horizon-files-prod/ed/picture/q2j0kx22/4a4aee54462f2093966e9076c76cdb6a1cd20a0d.jpg,"Je vends ma Autre  2013 :transmission. R√©vision compl√®te √†  km. Si vous √™tes int√©ress√©s ou souhaitez plus d'informations, contactez moi."
Yamaha,Venant,2007,"Mbao
            
                Dakar",600‚ÄØ000 F Cfa,https://i.roamcdn.net/hz/ed/listing-thumb-543w/5329db90468160172091c8eac654fcf4/-/horizon-files-prod/ed/picture/qkr82xgp/74934d4e2d569402574377a4676f92401f78f88f.jpg,"Je vends ma    . R√©vision compl√®te √†  km. Si vous √™tes int√©ress√©s ou souhaitez plus d'informations, contactez moi."
Autre,Neuf,2024,"Fass
            
                Kaolack",650 F Cfa,https://i.roamcdn.net/hz/ed/listing-thumb-543w/ca68a7451c49728f9de9e87c0843bc0c/-/horizon-files-prod/ed/picture/q0g755md/4d77e150f2da0f6b1a8a9d6a5c26e8ea26a3de68.jpg,"NOUS VOUS PROPOSONS NOTRE NOUVELLE GAMME DE MOTO ELECTRIQUE NEUF, 0 km.

CARCTERISTIQUES :

üí™üèª Puissance : 1000 W

üõ£Ô∏è Autonomie : 100 km

‚öôÔ∏è Transmission : Auto (4 Vitesses)

‚è±Ô∏è V max : 70 km/h

üîã Batterie : 06 pi√®ces (72V / 20.Ah)

üîå Chargeur Auto Stop : 220V

üïíTemps de charge : 6 - 8 H

üéöÔ∏è R√©gulateur de puissance : Automatique

üí° Phares (Avant / Arri√®re) : Led

üõë Feux Stop : Led

üö¶Syst√®me de freinage : ABS / Freins

hydraulique a disque

üõû Pneus : Tubeless 20""

üóúÔ∏èCadre : Alliage d'aluminium

‚ÜïÔ∏è Amortisseurs : Hydraulique

(Avant / Arri√®re)

üîë Cl√© Double

üîê S√©curit√© : Alarme / Blocage moteur

üóëÔ∏è Porte Bagage : Vendu S√©par√©ment

üí∫Si√®ge : 2 places

üèãÔ∏èCharge Max : 250 kg

üîî Klaxon

Showroom Fass Delorme / Rond point  Canal 4

Si vous √™tes int√©ress√©s ou souhaitez plus d'informations, contactez moi."
KTM,Venant,2021,"M√©dina
            
                Dakar",5‚ÄØ000‚ÄØ000 F Cfa,https://i.roamcdn.net/hz/ed/listing-thumb-543w/30c58d4be9b54c4e350cf75693c23adf/-/horizon-files-prod/ed/picture/q0g755re/d09f5f0d29b89a46059fddc38c4ae82797c4cbbf.jpg,"Je vends ma KTM Adventure 2021 :transmission. R√©vision compl√®te √†  km. Si vous √™tes int√©ress√©s ou souhaitez plus d'informations, contactez moi."
Honda,Neuf,2020,"Sacr√©-c≈ìur
            
                Dakar",2‚ÄØ950‚ÄØ000 F Cfa,https://i.roamcdn.net/hz/ed/listing-thumb-543w/0b15e4b9826d52a9716e0353e2f72af3/-/horizon-files-prod/ed/picture/qzvpexwg/e456a35b6f6dc3004a9196241dfce2f9b8e94ef6.jpg,"Je vends ma   2020 . R√©vision compl√®te √†  km. Si vous √™tes int√©ress√©s ou souhaitez plus d'informations, contactez moi."
BMW,Neuf,2023,"Cit√© keur gorgui
            
                Dakar",3‚ÄØ800‚ÄØ000 F Cfa,https://i.roamcdn.net/hz/ed/listing-thumb-543w/40d148d2cf1c9c12181bf6ff2ebd9143/-/horizon-files-prod/ed/picture/q44npw02/71c7246895be7e70feae0751edfc3e19103dd396.jpg,"Je vends ma Bmw gs 850 adventure

2022/23  3000km

Ligne Pot akrapovic

Feux antibrouillard

√âtat neuf"
BMW,D'occasion,2023,"Sacr√©-c≈ìur
            
                Dakar",7‚ÄØ500‚ÄØ000 F Cfa,https://i.roamcdn.net/hz/ed/listing-thumb-543w/9aef2ffb2fdc44072fa45619dd66b572/-/horizon-files-prod/ed/picture/qgqwzkq4/7320465d7bbd2601a23a0d29efb96e8ef5148d35.jpg,"D√©couvrez cette magnifique BMW 1300 GS Trophy 2023, une moto d'aventure exceptionnelle avec seulement 1000 km au compteur. Parfaite pour les amateurs de sensations fortes et les aventuriers, cette moto est √©quip√©e pour affronter tous les terrains avec style et performance."
Volkswagen,D'occasion,2013,"Mbour
            
                Thi√®s",3‚ÄØ860‚ÄØ000 F Cfa,https://i.roamcdn.net/hz/ed/listing-thumb-543w/45f07e852503044eba977f13e00ffc72/-/horizon-files-prod/ed/picture/q56dz8pp/5229e1ec75f9842f46fa812a29a7f24e273a469f.jpg,"Je vends ma Volkswagen  2013 :transmission. R√©vision compl√®te √† 91850 km. Si vous √™tes int√©ress√©s ou souhaitez plus d'informations, contactez moi."
Piaggio,Venant,2005,"Mbao
            
                Dakar",400‚ÄØ000 F Cfa,https://i.roamcdn.net/hz/ed/listing-thumb-543w/442beba54bc6688faca7acf7f5f854bc/-/horizon-files-prod/ed/picture/qkr88m0v/8bfef4c968d1d28e69c5f3d941980a26115613ce.jpg,"Je vends ma Piaggio Piaggio 2005 :transmission. R√©vision compl√®te √† 13000 km. Si vous √™tes int√©ress√©s ou souhaitez plus d'informations, contactez moi."
BMW,Venant,2020,"Almadies
            
                Dakar",5‚ÄØ300‚ÄØ000 F Cfa,https://i.roamcdn.net/hz/ed/listing-thumb-543w/5e5e45681b503ec6aed9bf1971774ed2/-/horizon-files-prod/ed/picture/q0g75j7j/4c3b339a8f9a3b74e36d14799cf0b8dcf88fbeba.jpg,"Je vends ma GS  1250 ADVENTURE  2020 :. 7.300 KM  VISIBLES AUX ALMADIE Si vous √™tes int√©ress√©s ou souhaitez plus d'informations, contactez moi."
Yamaha,Venant,2023,"Hann maristes
            
                Dakar",2‚ÄØ500‚ÄØ000 F Cfa,https://i.roamcdn.net/hz/ed/listing-thumb-543w/893b258b0386b6521c1a1f6b4d2c7451/-/horizon-files-prod/ed/picture/qm5gde8j/5d75add3f9f8f5aa1280bade1b82cb6eb1ef8524.jpg,"Je vends ma Yamaha XSR 2023 :transmission. R√©vision compl√®te √† 15000 km. Si vous √™tes int√©ress√©s ou souhaitez plus d'informations, contactez moi."
Piaggio,Venant,2012,"Fass
            
                Dakar",540‚ÄØ000 F Cfa,https://i.roamcdn.net/hz/ed/listing-thumb-543w/0dc745af5d707822b674c684cfba7b95/-/horizon-files-prod/ed/picture/q6xdz9en/00232bf3b8456a68338ad20c0be4a17429ad346c.jpg,"Je vends ma    . R√©vision compl√®te √†  km. Si vous √™tes int√©ress√©s ou souhaitez plus d'informations, contactez moi."
KTM,Venant,2014,"Fass
            
                Dakar",1‚ÄØ850‚ÄØ000 F Cfa,https://i.roamcdn.net/hz/ed/listing-thumb-543w/81ac75f98c1dd9a61ba5e9b102f472dc/-/horizon-files-prod/ed/picture/q56dv0ex/8f5e5710add811ad08c675b0d7d8113bbf0f8132.jpg,KTM 690 cm3 venant de la suisse tr√®s bon √©tat avec cmc jamais rouler au s√©n√©gal
Kymco,D'occasion,2019,"Liberte 6 extension
            
                Dakar",350‚ÄØ000 F Cfa,https://i.roamcdn.net/hz/ed/listing-thumb-543w/f4c1e33d2de068c919c66d06b2c916bf/-/horizon-files-prod/ed/picture/qpdm2d2x/485a0399414823125b0be8e7b81b74f11d09ee97.jpg,"Je vends ma Kymco Agility 2019 :transmission. R√©vision compl√®te √†  km. Si vous √™tes int√©ress√©s ou souhaitez plus d'informations, contactez moi."
Honda,Venant,2020,"Pikine
            
                Dakar",2‚ÄØ300‚ÄØ000 F Cfa,https://i.roamcdn.net/hz/ed/listing-thumb-543w/968c8c62ab94745389d6f6ac0bcef486/-/horizon-files-prod/ed/picture/qv4wx70g/be01bf8bbde610c69b54b9537db0262f23645f1d.jpg,"Je vends ma Honda CBR 650 r avec ligne compl√®te Akra 2020 :transmission. R√©vision compl√®te √† 35 km.papier CMC Si vous √™tes int√©ress√©s ou souhaitez plus d'informations, contactez moi."
Piaggio,Venant,2015,"VDN
            
                Dakar",450‚ÄØ000 F Cfa,https://i.roamcdn.net/hz/ed/listing-thumb-543w/c7cffdab9008269b0c7eeac82bee5f46/-/horizon-files-prod/ed/picture/qrz8024n/e90882b0593ae842829d54b5a0b36084ee2f429f.jpg,"Je vends ma Piaggio Liberty 2015 :transmission. R√©vision compl√®te √† 7000 km. Si vous √™tes int√©ress√©s ou souhaitez plus d'informations, contactez moi."
Honda,Venant,2024,"Hann maristes
            
                Dakar",4‚ÄØ500‚ÄØ000 F Cfa,https://i.roamcdn.net/hz/ed/listing-thumb-543w/4a2989bed386a5eb66c8d6f1c2e62348/-/horizon-files-prod/ed/picture/qpdm7dvv/3a54f858e995f1ffba23b6230db01ba3fe56fd30.jpg,"Je vends ma Honda Transalp 2024 moteur 750cc:transmission. R√©vision compl√®te √† 23000 km. Si vous √™tes int√©ress√©s ou souhaitez plus d'informations, contactez moi."
BMW,Venant,2020,"Hann maristes
            
                Dakar",3‚ÄØ000‚ÄØ000 F Cfa,https://i.roamcdn.net/hz/ed/listing-thumb-543w/517622674dc0d8f5306f150c8d37b417/-/horizon-files-prod/ed/picture/q56d56j7/f8491acaa40d7e130ead7b56d0d588c67c8d5111.jpg,"Je vends ma BMW R nine t 1200cc ann√©e 2020tres propre phares leds √©quip√© rizoma :transmission. R√©vision compl√®te √† 40000 km. Si vous √™tes int√©ress√©s ou souhaitez plus d'informations, contactez moi."
Honda,Venant,2008,"Hann maristes
            
                Dakar",750‚ÄØ000 F Cfa,https://i.roamcdn.net/hz/ed/listing-thumb-543w/a2686d5416d954cb60ccaef7f490b8cb/-/horizon-files-prod/ed/picture/q8v4d57j/6e708ce083b0d6c16e6b150e3224769fd0951906.jpg,"Je vends ma Honda SH 2008 :transmission. R√©vision compl√®te √† 30000 km. Si vous √™tes int√©ress√©s ou souhaitez plus d'informations, contactez moi."
Yamaha,D'occasion,2022,"Almadies
            
                Dakar",700‚ÄØ000 F Cfa,https://i.roamcdn.net/hz/ed/listing-thumb-543w/cc384061a101a62a65643589b110553a/-/horizon-files-prod/ed/picture/qxjpzp82/20f13042ac6bd35f1a7b1a58c8a17886a55e3f6f.jpg,"Je vends ma Yamaha Crux Rev de 2022, avec seulement 8 000 km. Entretien enti√®rement r√©alis√© aupr√®s de la CFAO, au prix de 700 000 CFA, (disponible le 15 d√©cembre)."
Piaggio,D'occasion,2019,"Sicap mbao
            
                Dakar",225‚ÄØ000 F Cfa,https://i.roamcdn.net/hz/ed/listing-thumb-543w/fa1d2f075806dc22665676602002c5eb/-/horizon-files-prod/ed/picture/qj4qzv68/81b9bdcf46395d6458bbbf706f119666ee1f2dd2.jpg,"Je vends ma   Piaggio liberty 125

Avec Papiers CMC"
Honda,Venant,2019,"Liberte 6 extension
            
                Dakar",1‚ÄØ600‚ÄØ000 F Cfa,https://i.roamcdn.net/hz/ed/listing-thumb-543w/9e85bfdb4e59f5d92b84ab8337dff468/-/horizon-files-prod/ed/picture/q2j0gmw8/9d83332639002f9812d070ef90786e44c336238b.jpg,"Je vends ma Honda  2019 :transmission. R√©vision compl√®te √†  km. Si vous √™tes int√©ress√©s ou souhaitez plus d'informations, contactez moi."
Yamaha,Venant,2006,"Plateau
            
                Dakar",2‚ÄØ300‚ÄØ000 F Cfa,https://i.roamcdn.net/hz/ed/listing-thumb-543w/48afd727bf1122d437c0d95cf0286ba7/-/horizon-files-prod/ed/picture/q9mjw4g5/faf2135ca284c1c98b4aeb4c93f4c212c6cafe82.jpg,"Je vends ma Yamaha XT 2006 :transmission. R√©vision compl√®te √† 16000 km. Si vous √™tes int√©ress√©s ou souhaitez plus d'informations, contactez moi."
Autre,Neuf,2024,"Saly
            
                Thi√®s",950‚ÄØ000 F Cfa,https://i.roamcdn.net/hz/ed/listing-thumb-543w/e795d5423a8c2bf7cff2094c2fca1afe/-eyJvciI6MH0%3D/horizon-files-prod/ed/picture/qrz8v7xq/0c62c30d97f3fd559d4a3f9110cfc799cc8583c8.jpg,"En vente un lot de 40 motos enduro 250 cc dans leurs bo√Ætes et avec CMC. Import√©es directement de chine, vendues √† prix co√ªtant pour abandon de projet.

Contact par t√©l√©phone et wassap pour plus d`information ."
Honda,Neuf,2023,"Sacr√©-c≈ìur
            
                Dakar",4‚ÄØ500‚ÄØ000 F Cfa,https://i.roamcdn.net/hz/ed/listing-thumb-543w/0702004f2cc63181cd123963b3093763/-/horizon-files-prod/ed/picture/qgqw8m7n/a820ec6a5d0fdf2d600078b32f5dc5dfe08117a4.jpg,Avendr Africa twn 2023 24000km
Yamaha,Venant,2022,"Castor
            
                Dakar",2‚ÄØ850‚ÄØ000 F Cfa,https://i.roamcdn.net/hz/ed/listing-thumb-543w/a459dc673456f635676ab325733056a6/-/horizon-files-prod/ed/picture/qv4wqzg8/35a8f856d9d3d285e0d6e83cc0d3dc8c74f6a430.jpg,"Marque : YAMAHA

Model : MT Tracer 07

Ann√©e : 2022

Kilom√©trage : 15.900km"
Honda,Venant,2020,"Hann maristes
            
                Dakar",3‚ÄØ500‚ÄØ000 F Cfa,https://i.roamcdn.net/hz/ed/listing-thumb-543w/3f3981dbb61976be3aff60ccd09cde1b/-/horizon-files-prod/ed/picture/qxjpzqkv/ea4dc80864dab3585962cd8d9fe998a0a426589b.jpg,"Je vends ma Honda X-ADV 2020 :transmission. R√©vision compl√®te √† 21000 km. Si vous √™tes int√©ress√©s ou souhaitez plus d'informations, contactez moi."
Can Am,Venant,2021,"Almadies
            
                Dakar",7‚ÄØ500‚ÄØ000 F Cfa,https://i.roamcdn.net/hz/ed/listing-thumb-543w/7da04b9a07c9d0f7eeeb581a4c7fa3de/-/horizon-files-prod/ed/picture/qpdm72dr/d604ffb8dca62e66bae0760d1fece0292a762aa4.jpg,"Magnifique can am Ryker 900 mod√®le unique au S√©n√©gal

82cv 3 cylindres moteur 993cc

Visible aux Almadies

Propri√©taire direct

PAPIERS en r√®gle CMC + Permis de l'ancien propri√©taire + declaration Douane"
Piaggio,Venant,2024,"Dieuppeul
            
                Dakar",950‚ÄØ000 F Cfa,https://i.roamcdn.net/hz/ed/listing-thumb-543w/316099d75b9064da47e1c5060923538a/-/horizon-files-prod/ed/picture/q8v4dnqn/2ea984fc467bfa265047b9eae6884c2c4076eeae.jpg,Beverly venant
Yamaha,Neuf,2016,"Hann maristes
            
                Dakar",3‚ÄØ850‚ÄØ000 F Cfa,https://i.roamcdn.net/hz/ed/listing-thumb-543w/68fd564a600c65f27da0f6f21081fba9/-/horizon-files-prod/ed/picture/qgqw0jm0/e8f0f98edd52c05c7ec982ffc421cdc6239ffb45.jpg,"Je vends ma Yamaha raptor 700cc ann√©e 2016 :transmission. R√©vision compl√®te √† 6000km. Si vous √™tes int√©ress√©s ou souhaitez plus d'informations, contactez moi."
Honda,Venant,2020,"Hann maristes
            
                Dakar",3‚ÄØ200‚ÄØ000 F Cfa,https://i.roamcdn.net/hz/ed/listing-thumb-543w/e4a70fd8bfa3763b9626ee09deec18c0/-/horizon-files-prod/ed/picture/q6xdm266/44c63001475b5a339bf637b7b72dd1bacf1b44fc.jpg,"Je vends ma Honda X-ADV 2020 :transmission. R√©vision compl√®te √† 21000 km. Si vous √™tes int√©ress√©s ou souhaitez plus d'informations, contactez moi."
BMW,Venant,2020,"Hann maristes
            
                Dakar",3‚ÄØ200‚ÄØ000 F Cfa,https://i.roamcdn.net/hz/ed/listing-thumb-543w/796ed05ec01905737ae32697c41b1b18/-/horizon-files-prod/ed/picture/qkr82665/b081d6655e017f882d750da35c04769500a17f1d.jpg,"Je vends ma BMW F 2020 :transmission. R√©vision compl√®te √† 19000 km. Si vous √™tes int√©ress√©s ou souhaitez plus d'informations, contactez moi."
Benelli,D'occasion,2017,"Rufisque
            
                Dakar",1‚ÄØ750‚ÄØ000 F Cfa,https://i.roamcdn.net/hz/ed/listing-thumb-543w/db80ef5bcf6eb264ffbbf58d60ceb5f7/-/horizon-files-prod/ed/picture/q2j0d9wq/4a17a56b682607171889010074ba139fd7a0b8f4.jpg,"Je vends ma Moto de marque Benelli  2017

Avec cable chargeur telephone

R√©vision compl√®te √† 2400 km. Si vous √™tes int√©ress√©s ou souhaitez plus d'informations, contactez moi."
BMW,D'occasion,2020,"Sicap Libert√©
            
                Dakar",3‚ÄØ000‚ÄØ000 F Cfa,https://i.roamcdn.net/hz/ed/listing-thumb-543w/ed460c34363d564740e845fbd2be2bc1/-/horizon-files-prod/ed/picture/qj4qw9wd/2155e8ad169a9fb5d4e7c35e2c45773e59870b1a.jpg,"Je vends ma  R 1250 R ann√©e  2020 : transmission. En tr√©s bon √©tat. Si vous √™tes int√©ress√©s ou souhaitez plus d'informations, contactez moi."
BMW,D'occasion,2016,"Karack
            
                Dakar",2‚ÄØ850‚ÄØ000 F Cfa,https://i.roamcdn.net/hz/ed/listing-thumb-543w/b15dbd43c8b3eb12d462bb6cb0d2a05b/-/horizon-files-prod/ed/picture/q78wm4rn/3feca8dc606a2ad4368757f23414bf687594daf0.jpg,"Pour cause d√©part je Vend bmw 1200 gs ann√©e 2016 carte grise 42.000 km , crashbar , puce enduro pro"
Autre,Venant,2012,"Guediawaye
            
                Dakar",1‚ÄØ350‚ÄØ000 F Cfa,https://i.roamcdn.net/hz/ed/listing-thumb-543w/d0c50b327ad0e167227e7015930513f5/-/horizon-files-prod/ed/picture/q2j0dv08/6ab820bdd04ddfa5796e95390d3c4a0aa0cf891e.jpg,"Je vends ma Autre  2012 :transmission. R√©vision compl√®te √† 87000 km. Si vous √™tes int√©ress√©s ou souhaitez plus d'informations, AVEC CMC"
Piaggio,Venant,2012,"Hann maristes
            
                Dakar",1‚ÄØ300‚ÄØ000 F Cfa,https://i.roamcdn.net/hz/ed/listing-thumb-543w/d7a0fbdbcef6745155b1a23d9fca11cd/-/horizon-files-prod/ed/picture/qq42v7rj/5aea860d9db62a1b7e1650eca23b80141798aecd.jpg,"Je vends ma Piaggio Beverly 2012 :transmission. R√©vision compl√®te √† 9000 km. Si vous √™tes int√©ress√©s ou souhaitez plus d'informations, contactez moi."
Honda,Venant,2019,"VDN
            
                Dakar",3‚ÄØ500‚ÄØ000 F Cfa,https://i.roamcdn.net/hz/ed/listing-thumb-543w/3307fc83afe594d32a8cc4326eccc50b/-/horizon-files-prod/ed/picture/qm5g4wnj/2d98b19137fc7e71c763b053d2c13a25b005f2fe.jpg,"Je vends ma Honda  2019 :transmission. R√©vision compl√®te √†  km. Si vous √™tes int√©ress√©s ou souhaitez plus d'informations, contactez moi.

mode sport pau Acrapovic feux antibrouillards fourche noir full options"
Piaggio,D'occasion,2016,"Liberte 5
            
                Dakar",400‚ÄØ000 F Cfa,https://i.roamcdn.net/hz/ed/listing-thumb-543w/f5d01b9aeca24f6e5163a60eb4f9da17/-/horizon-files-prod/ed/picture/qgqw06k2/838850608dbb905ba263c7cfabfd3b6acdbec083.jpg,"Je vends ma Piaggio LX 2016 :transmission. R√©vision compl√®te √†  km. Si vous √™tes int√©ress√©s ou souhaitez plus d'informations, contactez moi."
Autre,Neuf,2024,"Liberte 6
            
                Dakar",526‚ÄØ400 F Cfa,https://i.roamcdn.net/hz/ed/listing-thumb-543w/3b99292c4b6f86f114b8e5309f75a4e1/-/horizon-files-prod/ed/picture/qxjpzvxj/bca79509c9082abc11fdd73bfd5d6b0e069034e5.jpg,VISION TRADE GROUP met en vente des motos √©lectriques K202 vitesse 55km/h - sur 60km autonomie
Autre,Neuf,2024,"Liberte 6
            
                Dakar",478‚ÄØ000 F Cfa,https://i.roamcdn.net/hz/ed/listing-thumb-543w/236c6f8fbbcae547ab7c51200e1d40e2/-/horizon-files-prod/ed/picture/qde76p42/243384fb5f3f25e38af7ec2391b900cffd4f5265.jpg,D√©couvrez nos scooter de ville √©lectronique Little Amy  Vitesse 50KM/H	ENDURANCE DE CHARGE COMPL√àTE  60KM
Ducati,Venant,2021,"Hann maristes
            
                Dakar",3‚ÄØ200‚ÄØ000 F Cfa,https://i.roamcdn.net/hz/ed/listing-thumb-543w/5391a1bd02dc141eeadc2ff867d088ae/-/horizon-files-prod/ed/picture/qm5gn79m/32cc521ef5e977214c3d45f67a10a088da070f7a.jpg,"Je vends ma Ducati Scrambler 2021 :transmission. R√©vision compl√®te √† 20000 km. Si vous √™tes int√©ress√©s ou souhaitez plus d'informations, contactez moi."
Piaggio,D'occasion,2010,"Castor
            
                Dakar",775‚ÄØ000 F Cfa,https://i.roamcdn.net/hz/ed/listing-thumb-543w/9755d6ec143957219f1ffee31db7683c/-/horizon-files-prod/ed/picture/qj4qw8zr/22bec06bea6effc5e765c7857b734d88a0bd3a13.jpg,"Piaggio Gilera Nexus 250cc injection 2010

-Carte grise

-Assurance 3 mois"
Yamaha,Venant,2024,"Liberte 6 extension
            
                Dakar",1‚ÄØ150‚ÄØ000 F Cfa,https://i.roamcdn.net/hz/ed/listing-thumb-543w/a1cb66744b150f4eaf3debad9fc9c257/-/horizon-files-prod/ed/picture/qj4qwn58/f92e806249cd27e53745c825fde044b1a3af75c6.jpg,"Je vends ma Yamaha  2024 :transmission. R√©vision compl√®te √†  km. Si vous √™tes int√©ress√©s ou souhaitez plus d'informations, contactez moi."
Honda,D'occasion,2021,"Liberte 6 extension
            
                Dakar",1‚ÄØ300‚ÄØ000 F Cfa,https://i.roamcdn.net/hz/ed/listing-thumb-543w/22b3197290709c52efc5c5ea0b40f635/-/horizon-files-prod/ed/picture/qj4qwk2v/d8d8b33961d4a75ff912c88c8d8fb669d7ff3961.jpg,"Je vends ma Honda  2021 :transmission. R√©vision compl√®te √† 17400 km. Si vous √™tes int√©ress√©s ou souhaitez plus d'informations, contactez moi."
Honda,Venant,2009,"Thi√®s
            
                Thi√®s",950‚ÄØ000 F Cfa,https://i.roamcdn.net/hz/ed/listing-thumb-543w/d67526399ceb5dd3165886ce9794e63b/-/horizon-files-prod/ed/picture/q8v4dgkr/6156b5f35df484435baadeae28df51196a9da205.jpg,"Je vends ma Honda FJS Silver Wing  :transmission. R√©vision compl√®te √†  km. Si vous √™tes int√©ress√©s ou souhaitez plus d'informations, contactez moi."
BMW,Venant,2024,"Hann maristes
            
                Dakar",8‚ÄØ500‚ÄØ000 F Cfa,https://i.roamcdn.net/hz/ed/listing-thumb-543w/afd26966403a50880a7f51f4e5bb6edf/-/horizon-files-prod/ed/picture/qkr8q90v/203dd5336840266fdc3ee692572876213b9b03bb.jpg,"Je vends ma BMW  2024 :transmission. R√©vision compl√®te √† 4000 km. Si vous √™tes int√©ress√©s ou souhaitez plus d'informations, contactez moi."
