conditions,brand,year,adress,price,image
DCF,Moto,2020,Sebikotane                                                                                 Dakar,5500000 ,https://i.roamcdn.net/hz/ed/listing-thumb-224w/1819f68666f2d095cd9f07e776b6494c/-/horizon-files-prod/ed/picture/q8v4xkwz/c1a1f177dbb06572e79b9ae2737d399fa66fe9d1.jpg
Neuf,Husqvarna,2024,Plateau                                                                                 Dakar,6500000 ,https://i.roamcdn.net/hz/ed/listing-thumb-224w/5f16841f878d2e0202ebc90941f0f481/-/horizon-files-prod/ed/picture/qrz846e8/1f127a08fc81eb35f70f8d88bda3b41dd7be7f23.jpg
Neuf,BMW,2024,Ngaparou                                                                                 Thiès,17000000 ,https://i.roamcdn.net/hz/ed/listing-thumb-224w/b965763518c4157133f29a5c24248d0e/-/horizon-files-prod/ed/picture/qwep52x0/c01c6ffd90a1bafe59362e20d082f00174f0e911.jpg
Neuf,BMW,2023,Cité keur gorgui                                                                                 Dakar,3500000 ,https://i.roamcdn.net/hz/ed/listing-thumb-224w/4b271716c881559f3d1ae5709589aaf0/-/horizon-files-prod/ed/picture/q44npw02/71c7246895be7e70feae0751edfc3e19103dd396.jpg
D,Harley,Davidson,Almadies                                                                                 Dakar,13500000 ,https://i.roamcdn.net/hz/ed/listing-thumb-224w/9a71e5068ee224fa38024c0e378f33b2/-/horizon-files-prod/ed/picture/qde7j082/f41bb8d0d02ca9fbe4ed0343e13040fe001f4e42.jpg
Neuf,Autre,1920,Grand-Dakar                                                                                 Dakar,18500 ,https://i.roamcdn.net/hz/ed/listing-thumb-224w/42609bd174d635a703393e1ec7fb6fa7/-/horizon-files-prod/ed/picture/qrdkpj8/e1a89bca668421d2f38126279d22a249e71a3117.png
Neuf,Honda,2022,Bel air                                                                                 Dakar,1200000 ,https://i.roamcdn.net/hz/ed/listing-thumb-224w/1556970dd5323744b598d270244b8427/-/horizon-files-prod/ed/picture/qm5g9pqz/1468727fddcf3675df89a5eb2a92cecb413afeed.jpg
Venant,BMW,2024,Hann maristes                                                                                 Dakar,8500000 ,https://i.roamcdn.net/hz/ed/listing-thumb-224w/8a1cb80c3ae25561f5f878221630d3e5/-/horizon-files-prod/ed/picture/qkr8q90v/203dd5336840266fdc3ee692572876213b9b03bb.jpg
Venant,Honda,2009,Thiès                                                                                 Thiès,950000 ,https://i.roamcdn.net/hz/ed/listing-thumb-224w/35eeb7f1139d425ba0ac95476c8bc0ed/-/horizon-files-prod/ed/picture/q8v4dgkr/6156b5f35df484435baadeae28df51196a9da205.jpg
D,Honda,2021,Liberte 6 extension                                                                                 Dakar,1300000 ,https://i.roamcdn.net/hz/ed/listing-thumb-224w/5ff7a1944db2353e889a66b68a4e4339/-/horizon-files-prod/ed/picture/qj4qwk2v/d8d8b33961d4a75ff912c88c8d8fb669d7ff3961.jpg
Venant,Yamaha,2024,Liberte 6 extension                                                                                 Dakar,1150000 ,https://i.roamcdn.net/hz/ed/listing-thumb-224w/586623f5389cb0f5a0f633eeb750c1be/-/horizon-files-prod/ed/picture/qj4qwn58/f92e806249cd27e53745c825fde044b1a3af75c6.jpg
D,Piaggio,2010,Castor                                                                                 Dakar,775000 ,https://i.roamcdn.net/hz/ed/listing-thumb-224w/d7641df9b54bd814413f271a19df036d/-/horizon-files-prod/ed/picture/qj4qw8zr/22bec06bea6effc5e765c7857b734d88a0bd3a13.jpg
Venant,Ducati,2021,Hann maristes                                                                                 Dakar,3200000 ,https://i.roamcdn.net/hz/ed/listing-thumb-224w/be364081780cb35e871a734e8ad2717f/-/horizon-files-prod/ed/picture/qm5gn79m/32cc521ef5e977214c3d45f67a10a088da070f7a.jpg
Neuf,Autre,2024,Liberte 6                                                                                 Dakar,478000 ,https://i.roamcdn.net/hz/ed/listing-thumb-224w/cef68f9151d369d713a4fbca3b8e9a51/-/horizon-files-prod/ed/picture/qde76p42/243384fb5f3f25e38af7ec2391b900cffd4f5265.jpg
Neuf,Autre,2024,Liberte 6                                                                                 Dakar,526400 ,https://i.roamcdn.net/hz/ed/listing-thumb-224w/bd254b4fa68d870ed1b26320928a03fe/-/horizon-files-prod/ed/picture/qxjpzvxj/bca79509c9082abc11fdd73bfd5d6b0e069034e5.jpg
D,Piaggio,2016,Liberte 5                                                                                 Dakar,400000 ,https://i.roamcdn.net/hz/ed/listing-thumb-224w/bbd821b827b2479b5a8a3d64c4b09212/-/horizon-files-prod/ed/picture/qgqw06k2/838850608dbb905ba263c7cfabfd3b6acdbec083.jpg
Venant,Honda,2019,VDN                                                                                 Dakar,3500000 ,https://i.roamcdn.net/hz/ed/listing-thumb-224w/8ffc13ae8643f28ad5c713b1e0bdf577/-/horizon-files-prod/ed/picture/qm5g4wnj/2d98b19137fc7e71c763b053d2c13a25b005f2fe.jpg
Venant,Piaggio,2012,Hann maristes                                                                                 Dakar,1300000 ,https://i.roamcdn.net/hz/ed/listing-thumb-224w/6ee8d670b13ab99e190f4b0b995e9b26/-/horizon-files-prod/ed/picture/qq42v7rj/5aea860d9db62a1b7e1650eca23b80141798aecd.jpg
Venant,Autre,2012,Guediawaye                                                                                 Dakar,1350000 ,https://i.roamcdn.net/hz/ed/listing-thumb-224w/a053ffc280b11ae0b4478e1779248cd0/-/horizon-files-prod/ed/picture/q2j0dv08/6ab820bdd04ddfa5796e95390d3c4a0aa0cf891e.jpg
D,Benelli,2017,Rufisque                                                                                 Dakar,1750000 ,https://i.roamcdn.net/hz/ed/listing-thumb-224w/4929f98b9aded66eb306123dd98426e9/-/horizon-files-prod/ed/picture/q2j0d9wq/4a17a56b682607171889010074ba139fd7a0b8f4.jpg
Venant,BMW,2020,Hann maristes                                                                                 Dakar,3200000 ,https://i.roamcdn.net/hz/ed/listing-thumb-224w/6a3afea8193a41c92593b433d4ed219c/-/horizon-files-prod/ed/picture/qkr82665/b081d6655e017f882d750da35c04769500a17f1d.jpg
Neuf,BMW,2021,Sacré-cœur                                                                                 Dakar,4200000 ,https://i.roamcdn.net/hz/ed/listing-thumb-224w/9a63fd1d8641d7c4abc3ae93932419f2/-/horizon-files-prod/ed/picture/qenvn764/72f9515c073e6e4f73f7daf7932cad347d8936ad.jpg
Venant,Honda,2020,Hann maristes                                                                                 Dakar,3000000 ,https://i.roamcdn.net/hz/ed/listing-thumb-224w/a576f8b70f1e6f64fb49a5f04eb071db/-/horizon-files-prod/ed/picture/q6xdm266/44c63001475b5a339bf637b7b72dd1bacf1b44fc.jpg
Neuf,Yamaha,2016,Hann maristes                                                                                 Dakar,3850000 ,https://i.roamcdn.net/hz/ed/listing-thumb-224w/dbcbb44c3e0e957b41fee09c2f05b91f/-/horizon-files-prod/ed/picture/qgqw0jm0/e8f0f98edd52c05c7ec982ffc421cdc6239ffb45.jpg
Venant,Piaggio,2024,Dieuppeul                                                                                 Dakar,950000 ,https://i.roamcdn.net/hz/ed/listing-thumb-224w/1b1cd655a49dcb0101ac61459ce2e24a/-/horizon-files-prod/ed/picture/q8v4dnqn/d88579f2fc79871621eb0857b169aa3132c461ab.jpg
Venant,Can,Am,Almadies                                                                                 Dakar,7500000 ,https://i.roamcdn.net/hz/ed/listing-thumb-224w/199c75269527ec3af8759d13f2e8cd31/-/horizon-files-prod/ed/picture/qpdm72dr/d604ffb8dca62e66bae0760d1fece0292a762aa4.jpg
Venant,Honda,2020,Hann maristes                                                                                 Dakar,3500000 ,https://i.roamcdn.net/hz/ed/listing-thumb-224w/04d699dfc4ca8266049d7e5979485050/-/horizon-files-prod/ed/picture/qxjpzqkv/ea4dc80864dab3585962cd8d9fe998a0a426589b.jpg
Venant,Yamaha,2022,Castor                                                                                 Dakar,2850000 ,https://i.roamcdn.net/hz/ed/listing-thumb-224w/22e9f4695aba2f54184842672b066cda/-/horizon-files-prod/ed/picture/qv4wqzg8/35a8f856d9d3d285e0d6e83cc0d3dc8c74f6a430.jpg
Neuf,Honda,2023,Sacré-cœur                                                                                 Dakar,4500000 ,https://i.roamcdn.net/hz/ed/listing-thumb-224w/3ccb2d93bf2c12938111e81883f73d2c/-/horizon-files-prod/ed/picture/qgqw8m7n/a820ec6a5d0fdf2d600078b32f5dc5dfe08117a4.jpg
Neuf,Autre,2024,Saly                                                                                 Thiès,1050000 ,https://i.roamcdn.net/hz/ed/listing-thumb-224w/a60dc5e5d22b1fb1431f59c127fd3a3c/-eyJvciI6MH0%3D/horizon-files-prod/ed/picture/qrz8v7xq/0c62c30d97f3fd559d4a3f9110cfc799cc8583c8.jpg
Venant,Yamaha,2006,Plateau                                                                                 Dakar,2300000 ,https://i.roamcdn.net/hz/ed/listing-thumb-224w/7870b47a691fed5350cb22d230fbe7c2/-/horizon-files-prod/ed/picture/q9mjw4g5/faf2135ca284c1c98b4aeb4c93f4c212c6cafe82.jpg
D,Yamaha,2013,Mbour                                                                                 Thiès,2450000 ,https://i.roamcdn.net/hz/ed/listing-thumb-224w/94c3eb110a03fdd8218c5af64b78ad75/-/horizon-files-prod/ed/picture/qngxep7w/3b0536f3138b266089bc0ca6bd47ff8f703cebd2.jpg
Venant,Honda,2019,Liberte 6 extension                                                                                 Dakar,1600000 ,https://i.roamcdn.net/hz/ed/listing-thumb-224w/69813f905c2796e61c452d9562c7464f/-/horizon-files-prod/ed/picture/q2j0gmw8/9d83332639002f9812d070ef90786e44c336238b.jpg
D,Yamaha,2022,Almadies                                                                                 Dakar,700000 ,https://i.roamcdn.net/hz/ed/listing-thumb-224w/0e2d2ac9e99a0c0089da91873833ad55/-/horizon-files-prod/ed/picture/qxjpzp82/20f13042ac6bd35f1a7b1a58c8a17886a55e3f6f.jpg
Venant,Honda,2008,Hann maristes                                                                                 Dakar,750000 ,https://i.roamcdn.net/hz/ed/listing-thumb-224w/f0ab2aa2acf5b700848c6d8966a4208e/-/horizon-files-prod/ed/picture/q8v4d57j/6e708ce083b0d6c16e6b150e3224769fd0951906.jpg
Venant,BMW,2020,Hann maristes                                                                                 Dakar,3000000 ,https://i.roamcdn.net/hz/ed/listing-thumb-224w/566b0c7d40abd574b6462a06e5a318be/-/horizon-files-prod/ed/picture/q56d56j7/f8491acaa40d7e130ead7b56d0d588c67c8d5111.jpg
Neuf,Lifan,2024,Castor                                                                                 Dakar,1 ,https://i.roamcdn.net/hz/ed/listing-thumb-224w/d9b28fa55f9ae4db758600c466983f0c/-/horizon-files-prod/ed/picture/qv4e7558/e62337323745c2821d432d4ed8f96599f65682b4.jpg
Venant,Honda,2024,Hann maristes                                                                                 Dakar,4500000 ,https://i.roamcdn.net/hz/ed/listing-thumb-224w/4a706dfb639c350b965ce1401b528d07/-/horizon-files-prod/ed/picture/qpdm7dvv/3a54f858e995f1ffba23b6230db01ba3fe56fd30.jpg
Venant,Piaggio,2015,VDN                                                                                 Dakar,450000 ,https://i.roamcdn.net/hz/ed/listing-thumb-224w/88355391d89492310de837fb6b63762d/-/horizon-files-prod/ed/picture/qrz8024n/e90882b0593ae842829d54b5a0b36084ee2f429f.jpg
Venant,Honda,2020,Pikine                                                                                 Dakar,2300000 ,https://i.roamcdn.net/hz/ed/listing-thumb-224w/8f68deb212e16b6f3b84ec1d8ed88cd9/-/horizon-files-prod/ed/picture/qv4wx70g/be01bf8bbde610c69b54b9537db0262f23645f1d.jpg
D,Kymco,2019,Liberte 6 extension                                                                                 Dakar,350000 ,https://i.roamcdn.net/hz/ed/listing-thumb-224w/461c2bf492d06ae8073781364a759e2d/-/horizon-files-prod/ed/picture/qpdm2d2x/485a0399414823125b0be8e7b81b74f11d09ee97.jpg
Venant,KTM,2014,Fass                                                                                 Dakar,1850000 ,https://i.roamcdn.net/hz/ed/listing-thumb-224w/1aaee1f87e61d2936ba02050c1169f4c/-/horizon-files-prod/ed/picture/q56dv0ex/8f5e5710add811ad08c675b0d7d8113bbf0f8132.jpg
Venant,Piaggio,2012,Fass                                                                                 Dakar,540000 ,https://i.roamcdn.net/hz/ed/listing-thumb-224w/56a5b34eb8152e1f943fcd0b32536d27/-/horizon-files-prod/ed/picture/q6xdz9en/00232bf3b8456a68338ad20c0be4a17429ad346c.jpg
Venant,Yamaha,2023,Hann maristes                                                                                 Dakar,2500000 ,https://i.roamcdn.net/hz/ed/listing-thumb-224w/231d42c2bdf3881f99e0b39cd93c5b4e/-/horizon-files-prod/ed/picture/qm5gde8j/5d75add3f9f8f5aa1280bade1b82cb6eb1ef8524.jpg
Venant,BMW,2020,Almadies                                                                                 Dakar,5300000 ,https://i.roamcdn.net/hz/ed/listing-thumb-224w/03e08c0661a99965afdddb1de702f9e3/-/horizon-files-prod/ed/picture/q0g75j7j/4c3b339a8f9a3b74e36d14799cf0b8dcf88fbeba.jpg
Venant,Piaggio,2005,Mbao                                                                                 Dakar,400000 ,https://i.roamcdn.net/hz/ed/listing-thumb-224w/09b70627225907d817518cf9026d7910/-/horizon-files-prod/ed/picture/qkr88m0v/8bfef4c968d1d28e69c5f3d941980a26115613ce.jpg
D,Volkswagen,2013,Mbour                                                                                 Thiès,3860000 ,https://i.roamcdn.net/hz/ed/listing-thumb-224w/30b714b8fa2d3a643afd47b171346195/-/horizon-files-prod/ed/picture/q56dz8pp/5229e1ec75f9842f46fa812a29a7f24e273a469f.jpg
Neuf,Honda,2020,Sacré-cœur                                                                                 Dakar,2950000 ,https://i.roamcdn.net/hz/ed/listing-thumb-224w/1fbaba67c6a0df4a0d192448691c9abe/-/horizon-files-prod/ed/picture/qzvpexwg/e456a35b6f6dc3004a9196241dfce2f9b8e94ef6.jpg
Venant,KTM,2021,Médina                                                                                 Dakar,5000000 ,https://i.roamcdn.net/hz/ed/listing-thumb-224w/e7b127a608068cabc19e17a682b93715/-/horizon-files-prod/ed/picture/q0g755re/d09f5f0d29b89a46059fddc38c4ae82797c4cbbf.jpg
Neuf,Autre,2024,Fass                                                                                 Kaolack,650 ,https://i.roamcdn.net/hz/ed/listing-thumb-224w/bef847a5042cdc9feea601bc760e323a/-/horizon-files-prod/ed/picture/q0g755md/4d77e150f2da0f6b1a8a9d6a5c26e8ea26a3de68.jpg
Venant,Yamaha,2007,Mbao                                                                                 Dakar,600000 ,https://i.roamcdn.net/hz/ed/listing-thumb-224w/64dcc6f7a4d81761a163732d0c95c2f4/-/horizon-files-prod/ed/picture/qkr82xgp/74934d4e2d569402574377a4676f92401f78f88f.jpg
D,Autre,2013,Guediawaye                                                                                 Dakar,800000 ,https://i.roamcdn.net/hz/ed/listing-thumb-224w/ca2582e0a1f5f34f074ad81ea6aefa0a/-/horizon-files-prod/ed/picture/q2j0kx22/4a4aee54462f2093966e9076c76cdb6a1cd20a0d.jpg
Venant,Suzuki,2024,Pikine                                                                                 Dakar,575000 ,https://i.roamcdn.net/hz/ed/listing-thumb-224w/b4afc870338832bd457155498fe2d6e7/-/horizon-files-prod/ed/picture/q78wgv4j/de61e9e51a92c532f4711a44e3ece672fc4a304b.jpg
Neuf,Yamaha,2023,Almadies                                                                                 Dakar,4400000 ,https://i.roamcdn.net/hz/ed/listing-thumb-224w/fbc3867c72d2b385ce34022ea1c015b1/-/horizon-files-prod/ed/picture/q2j057pv/b34990e43ddfeef29d7d9eaa8c61f52c019dee9f.jpg
Neuf,Yamaha,2024,Liberte 6 extension                                                                                 Dakar,800000 ,https://i.roamcdn.net/hz/ed/listing-thumb-224w/8dc0dcb6d8c1e394e44829e9a868985c/-/horizon-files-prod/ed/picture/q44n7r8z/69908dcc21ae09c89a6a4da54db6eb6c02f44866.jpg
Neuf,Bajaj,2024,Sicap Liberté                                                                                 Dakar,1 ,https://i.roamcdn.net/hz/ed/listing-thumb-224w/4525f88b3b091c56a8483582e00de602/-/horizon-files-prod/ed/picture/qngp29k0/b3354618c602dd44779656f8684e0b454aa51097.jpg
D,Vespa,2017,Ouakam                                                                                 Dakar,1700000 ,https://i.roamcdn.net/hz/ed/listing-thumb-224w/fd689aaf75c12e2f192bff1770f8f4e0/-/horizon-files-prod/ed/picture/q78wprgz/6f8ddd83e674297d810cd9fac677625c8da70c1e.jpg
Venant,Yamaha,2021,Liberte 6 extension                                                                                 Dakar,1600000 ,https://i.roamcdn.net/hz/ed/listing-thumb-224w/a931fa8650535cd76cc63ba7e1cb8a48/-/horizon-files-prod/ed/picture/q78w952z/52666e4dddd1117d8341c51b422554f3a48a7fe3.jpg
Neuf,Autre,2024,Yoff                                                                                 Dakar,1 ,https://i.roamcdn.net/hz/ed/listing-thumb-224w/8ec1b27c8042b025e3e7b8e1c0583f82/-/horizon-files-prod/ed/picture/qkrgwe7z/8e6e149d26d72ffe10565084f4abc9fce64613a1.jpg
Neuf,Zhongyu,2024,Ouakam                                                                                 Dakar,1 ,https://i.roamcdn.net/hz/ed/listing-thumb-224w/26b316e118ea6c00257abc1bf4182e5d/-/horizon-files-prod/ed/picture/q6xked4z/7e4d1b365dac9205f1d8e0f84c53e58579e4d5bf.jpg
D,Yamaha,2024,Sicap Liberté                                                                                 Dakar,250000 ,https://i.roamcdn.net/hz/ed/listing-thumb-224w/1cdda562db4093f9229623108b1c6c3f/-/horizon-files-prod/ed/picture/qj4q2me6/3050826df1060da4dc76d9ffea9d82421fa775b5.jpg
Venant,Yamaha,2015,Parcelles Assainies                                                                                 Dakar,750000 ,https://i.roamcdn.net/hz/ed/listing-thumb-224w/a169ec1eabe10dc826d79836c08a31d2/-/horizon-files-prod/ed/picture/qenv2dxx/b57de749b56cbfa8fb8204e6a14c6afbe332f32c.jpg
Venant,Yamaha,2015,Parcelles Assainies                                                                                 Dakar,750000 ,https://i.roamcdn.net/hz/ed/listing-thumb-224w/39c1a4546cc13054f1dd29a462cee81c/-/horizon-files-prod/ed/picture/q56dvwgr/6b63515f7f239d0a51723d8d61ae282aa993bd4b.jpg
Venant,Piaggio,2008,Hann maristes                                                                                 Dakar,650000 ,https://i.roamcdn.net/hz/ed/listing-thumb-224w/f580c99ed33b9d1ab9ae3ea0ff67529a/-/horizon-files-prod/ed/picture/q8v4gqrr/3262e77eeab01e28f669712f8da1c5916d0bc61f.jpg
Venant,Yamaha,2020,Plateau                                                                                 Dakar,3000000 ,https://i.roamcdn.net/hz/ed/listing-thumb-224w/85b829217fe1109281f4616ae4a51e2c/-/horizon-files-prod/ed/picture/q6xdvppp/bfdf71bc8c86922f5a6254c3bb536c294592836b.jpg
D,Yamaha,2023,Plateau                                                                                 Dakar,4000000 ,https://i.roamcdn.net/hz/ed/listing-thumb-224w/c6bb6a00c96cac526aacf2dcf59ec899/-/horizon-files-prod/ed/picture/qq4260mv/95204cabaf6e866f59e20efa6aad308b25cedbce.jpg
Venant,BMW,2024,Cité Damel                                                                                 Dakar,9000000 ,https://i.roamcdn.net/hz/ed/listing-thumb-224w/cb607e2b0a333aa4245ed33e8266f1b1/-/horizon-files-prod/ed/picture/q78wg60q/8df857bab8b3ec10c739b3f1ca8681d42d8bfd86.jpg
D,Honda,2006,Hann maristes                                                                                 Dakar,450000 ,https://i.roamcdn.net/hz/ed/listing-thumb-224w/cdcb6d251bf65a44b370b75063776054/-/horizon-files-prod/ed/picture/qkr80kv5/07a75f580128913b6280711ef4c25d3202314c5c.jpg
Neuf,Haojue,2024,Derkle                                                                                 Dakar,650000 ,https://i.roamcdn.net/hz/ed/listing-thumb-224w/6705f80010ed591c92144661e9c03d6c/-/horizon-files-prod/ed/picture/qxj2r67m/e37a44e1edec70c7403746fb5a78e3ccbf810e1e.jpg
Venant,Honda,2023,Keur Massar                                                                                 Dakar,4500000 ,https://i.roamcdn.net/hz/ed/listing-thumb-224w/c100516bb9ef792029ce81158e636667/-/horizon-files-prod/ed/picture/qq426656/1e413aa2a76e248897aa9e1e3f268026ab471707.jpg
Venant,Yamaha,2024,Liberte 6 extension                                                                                 Dakar,700000 ,https://i.roamcdn.net/hz/ed/listing-thumb-224w/ac354ef7e093d2933707f46a83519eec/-/horizon-files-prod/ed/picture/qxjpqgq4/12017b9fb4c60180d774e38eb896e63acfdd8ed3.jpg
Venant,BMW,2020,Hann maristes                                                                                 Dakar,5500000 ,https://i.roamcdn.net/hz/ed/listing-thumb-224w/86abdb3b50019f1ede6da3ed45855c41/-/horizon-files-prod/ed/picture/q9mjgjgj/c7cd24d0dc36e74c78309ef37fc44925601d7337.jpg
Venant,Honda,2020,Hann maristes                                                                                 Dakar,3700000 ,https://i.roamcdn.net/hz/ed/listing-thumb-224w/73ef89c093b50ee3c54a6c7d763ce279/-/horizon-files-prod/ed/picture/qngpwgzk/10739ab46e301cb28964a71989ed3fcc8a13a3b9.jpg
Venant,Suzuki,1994,Cambérène                                                                                 Dakar,650000 ,https://i.roamcdn.net/hz/ed/listing-thumb-224w/912728c7162e1c8fb6ef3a771bcff099/-/horizon-files-prod/ed/picture/qkr8x9jn/8f6abba39c782ff2cee966f3d8d7a17c1a6e97bb.jpg
D,Yamaha,2022,Plateau                                                                                 Dakar,6000000 ,https://i.roamcdn.net/hz/ed/listing-thumb-224w/2e4dd7392bbb04c591d328ec819c5ce8/-/horizon-files-prod/ed/picture/qde7nr25/753d096914ce8cbc8530e06574f3052d9039bee8.jpg
Venant,Honda,2020,Plateau                                                                                 Dakar,850000 ,https://i.roamcdn.net/hz/ed/listing-thumb-224w/6a27ac578f851f6c50fbd1209edcdfc4/-/horizon-files-prod/ed/picture/q44n6egz/66564cd8d5df95dbf6b5c4ac1a5941cff189528c.jpg
Venant,Ducati,2018,Médina                                                                                 Dakar,5000000 ,https://i.roamcdn.net/hz/ed/listing-thumb-224w/ee804199a7b2b6fd436506ea51284be2/-/horizon-files-prod/ed/picture/qm5gj2ej/10d63abf652d1d32c7b1b70e334aa7cef7c87933.jpg
Venant,Yamaha,2018,Plateau                                                                                 Dakar,2300000 ,https://i.roamcdn.net/hz/ed/listing-thumb-224w/c788563d764d342c4011dcf3a48ccc6e/-/horizon-files-prod/ed/picture/qngpjerm/4b104da5dbd7dd777343e48008350c3e1cb7e1be.png
Venant,Honda,2023,Plateau                                                                                 Dakar,4950000 ,https://i.roamcdn.net/hz/ed/listing-thumb-224w/43f9d036229bd894e85ca90f7d73684d/-/horizon-files-prod/ed/picture/qxjpkmr2/a853f3501ef406deb6a65229851d74c0c51efa64.jpg
Venant,BMW,2024,Almadies                                                                                 Dakar,9000000 ,https://i.roamcdn.net/hz/ed/listing-thumb-224w/721eadf486e4748a9f129cb4f6b47842/-/horizon-files-prod/ed/picture/qq425xz7/cabc1b95c4f92a9aea2839d6a302ea8e011a0571.jpg
D,Piaggio,2018,Yoff                                                                                 Dakar,750000 ,https://i.roamcdn.net/hz/ed/listing-thumb-224w/d815e64ca3612647306da0d81538a032/-/horizon-files-prod/ed/picture/qngpjk6r/a974a759c655f330086b803ce73ef7997387f310.jpg
Neuf,TGB,2022,Mbour                                                                                 Thiès,5980000 ,https://i.roamcdn.net/hz/ed/listing-thumb-224w/cb7223d9ae275f7514d06e9c9a4027b5/-/horizon-files-prod/ed/picture/qkr8xqjw/d6f24505d2294ed89fe932d68862e6b79c0feaf6.jpg
Venant,Kawasaki,2024,Pikine                                                                                 Dakar,950000 ,https://i.roamcdn.net/hz/ed/listing-thumb-224w/33ac8b7607cb6f1c3c7338688a174ffd/-/horizon-files-prod/ed/picture/qngp7qvw/4e4cbf6675a16993e05c93fcc47b00127237d281.jpg
Venant,Kymco,2024,Pikine                                                                                 Dakar,525000 ,https://i.roamcdn.net/hz/ed/listing-thumb-224w/047cc5fe98af8a143ef7880decc135b0/-/horizon-files-prod/ed/picture/q6xdqxj4/aaec4e39bcbcf5ea9ebf695b7c42f05aed5768b4.jpg
Neuf,Lifan,2024,Sicap Liberté                                                                                 Dakar,1350000 ,https://i.roamcdn.net/hz/ed/listing-thumb-224w/995c781c5818eeb8da73e215f5788071/-/horizon-files-prod/ed/picture/qkr88488/5b1dd419440d6730def3b3adef0d2f065462d092.jpg
D,Honda,2022,Grand-Dakar                                                                                 Dakar,1600000 ,https://i.roamcdn.net/hz/ed/listing-thumb-224w/749dc7cd816ce0baf8a2fc52823fc6b0/-/horizon-files-prod/ed/picture/q6xdrr84/3a3aacb1d950b729604a663c8733933d3e0e6e15.jpg
Neuf,Bajaj,2024,Liberte 6                                                                                 Dakar,500000 ,https://i.roamcdn.net/hz/ed/listing-thumb-224w/8d194ead9cd2d9eef24b2313354928ca/-/horizon-files-prod/ed/picture/q8v4m0w4/2bdd769e04c4f2bea062d0e6060f3cc30ec5343f.jpg
Venant,Yamaha,2012,Saly Portudal                                                                                 Thiès,750000 ,https://i.roamcdn.net/hz/ed/listing-thumb-224w/e3aca326c594bb94ae3fe9f2d4738f8b/-/horizon-files-prod/ed/picture/q6xddx9j/c5284594fe351e868e0d4bc139f4bfc3786df635.jpg
D,Honda,2019,Plateau                                                                                 Dakar,2800000 ,https://i.roamcdn.net/hz/ed/listing-thumb-224w/831dd58e4695e51cbe7e6bee3f68da69/-/horizon-files-prod/ed/picture/qrz8j8nq/779241dd220251ffaa30661fb1bf9cfa157f7af7.jpg
Neuf,Yamaha,2024,Liberte 6 extension                                                                                 Dakar,1400000 ,https://i.roamcdn.net/hz/ed/listing-thumb-224w/27cf3f0fad1fb99483f8ce0ad6300cd1/-/horizon-files-prod/ed/picture/q44n68gp/85a7dddd9169f5577093188d86a46346902a819f.jpg
Neuf,Honda,2017,Parcelles Assainies                                                                                 Dakar,550000 ,https://i.roamcdn.net/hz/ed/listing-thumb-224w/7d833844d37fc769a5d4dedeb08be0ed/-/horizon-files-prod/ed/picture/qgqwd952/d90faf1e2c808cea950e844094190f1f339f22f2.jpg
D,Vespa,2022,Plateau                                                                                 Dakar,700000 ,https://i.roamcdn.net/hz/ed/listing-thumb-224w/4b0936290ee80b37e3a9f0bcca045ede/-/horizon-files-prod/ed/picture/qq42wjp4/10298f3ff0a3670a1024a64676724fdb18a6f7ca.jpg
Venant,Aprilia,2010,Guediawaye                                                                                 Dakar,800000 ,https://i.roamcdn.net/hz/ed/listing-thumb-224w/b30c10f3a1efeec8736006e4ac15011c/-/horizon-files-prod/ed/picture/qm5gv7wj/90077db6521863cd36464e8dba4574f38d7155d3.jpg
Venant,KTM,2023,Hann maristes                                                                                 Dakar,2300000 ,https://i.roamcdn.net/hz/ed/listing-thumb-224w/d419b4fe62f7849f432082222f8e0e58/-/horizon-files-prod/ed/picture/q44nrd9r/d8fc325538e4d91dc00e6e5d0321feffe1b17a2f.png
D,Arctic,Cat,Pikine                                                                                 Dakar,1500000 ,https://i.roamcdn.net/hz/ed/listing-thumb-224w/18dfed0e42ecf2d64f80ad344bf4ed5e/-/horizon-files-prod/ed/picture/qwepn5k4/5ba0cf8d6026cd84deaa4be5584b6bcdb2e0ed1d.jpg
Venant,Yamaha,2024,Fann Hock                                                                                 Dakar,5250000 ,https://i.roamcdn.net/hz/ed/listing-thumb-224w/d60539c34cacae9b31516aa15ff299d6/-/horizon-files-prod/ed/picture/q2j0qp8p/f37918ab925cd527521a6ef6c6891eca6d75316f.jpg
Venant,KTM,2022,Fann Hock                                                                                 Dakar,3280000 ,https://i.roamcdn.net/hz/ed/listing-thumb-224w/b5770f099b37dcbecfcf6dd9b5c21bc1/-/horizon-files-prod/ed/picture/qkr8gjwp/162cf52be3aad5df1c890a28043f64ba7d201316.jpg
Venant,SYM,2023,Fann Hock                                                                                 Dakar,2950000 ,https://i.roamcdn.net/hz/ed/listing-thumb-224w/84f89ac29f88689ae5a3af570e497895/-/horizon-files-prod/ed/picture/qzvpdn68/ce216407055142c74750bd2ff3135bbd5f14d5b8.jpg
Venant,Suzuki,2015,Sangalkam                                                                                 Dakar,550000 ,https://i.roamcdn.net/hz/ed/listing-thumb-224w/f5b3782cf2c644d72276c9688bb4f9c3/-/horizon-files-prod/ed/picture/qj4q5278/f1d2226df775ec7e495aacafc59f8a92ab6590a7.jpg
Venant,BMW,2023,Dieuppeul                                                                                 Dakar,6000000 ,https://i.roamcdn.net/hz/ed/listing-thumb-224w/3eefa56cb785196b1561fc75accbdb1b/-/horizon-files-prod/ed/picture/qkr8p77p/50b8c6d166ca0b45c222227a5c94d8db1798878d.jpg
Venant,BMW,2023,Dieuppeul                                                                                 Dakar,4500000 ,https://i.roamcdn.net/hz/ed/listing-thumb-224w/42686f31731f3661a4304a4fa77e172c/-/horizon-files-prod/ed/picture/q2j07kkg/c6f091d9a9e97c01c82720a13b8409300943463b.jpg
Venant,BMW,2023,Dieuppeul                                                                                 Dakar,3900000 ,https://i.roamcdn.net/hz/ed/listing-thumb-224w/e7d9ae63bda81fcdcc983157c0b5cf35/-/horizon-files-prod/ed/picture/qngp02x0/a4f3ee3276a007c2f2057fcd5306c8f966ad8016.jpg
Venant,BMW,2023,Dieuppeul                                                                                 Dakar,6900000 ,https://i.roamcdn.net/hz/ed/listing-thumb-224w/db0591b4e83ad3ada891b1c93c91c344/-/horizon-files-prod/ed/picture/q9mjrw95/a3cf80098b952dabe4e8e0b257b7029ffef2e142.jpg
Venant,BMW,2023,Dieuppeul                                                                                 Dakar,5500000 ,https://i.roamcdn.net/hz/ed/listing-thumb-224w/d8321adf9674b58e206d1b4bbf945851/-/horizon-files-prod/ed/picture/q78wx955/ee12bcb72c37073a3e3af6f3a9702ab80834f9e4.jpg
D,Suzuki,2007,Mboro                                                                                 Thiès,800000 ,https://i.roamcdn.net/hz/ed/listing-thumb-224w/b2f2e66f882e5bf2616335b045be7ee0/-/horizon-files-prod/ed/picture/qxjpwk62/f1ca5003693c73d42ffa3d56ee19ca741f93bff0.jpg
Venant,Piaggio,2010,Médina                                                                                 Dakar,1 ,https://i.roamcdn.net/hz/ed/listing-thumb-224w/db4526f053adfa4e4896163b34830179/-/horizon-files-prod/ed/picture/q44nrrzm/f1f6dcd9e2a0aa2a17a281bfe08ee7d5aae7b9a8.jpg
Venant,Yamaha,2022,Liberte 6                                                                                 Dakar,4850000 ,https://i.roamcdn.net/hz/ed/listing-thumb-224w/5f6ec8e3a4dbbfa88ff34e967c44c425/-/horizon-files-prod/ed/picture/q0gwmmeg/27f37277ae7885c2292abb979d9064b6ccdf068e.jpg
Venant,Piaggio,2008,Guediawaye                                                                                 Dakar,800000 ,https://i.roamcdn.net/hz/ed/listing-thumb-224w/7cdfdbc2b7a5054556cb44490b9b40d3/-/horizon-files-prod/ed/picture/qq42wqdn/f8227364d9ce0b38f39a72b33b1249b6f90ba00a.jpg
Venant,Yamaha,2023,Hann maristes                                                                                 Dakar,3200000 ,https://i.roamcdn.net/hz/ed/listing-thumb-224w/379cb4d358b977d3a8eb74e855a303ed/-/horizon-files-prod/ed/picture/q2j08zqq/faa9f1d5e7ee45cfe1dabd34a44a5d563a9cf19d.jpg
Venant,BMW,2010,Hann maristes                                                                                 Dakar,1900000 ,https://i.roamcdn.net/hz/ed/listing-thumb-224w/6c6d03ed3646d1c65acd1b55bbd1ccf8/-/horizon-files-prod/ed/picture/qngp7rjr/63338ed5d59da6925cae3150490c089ebf834b8e.jpg
D,Honda,2024,Pikine                                                                                 Dakar,3000000 ,https://i.roamcdn.net/hz/ed/listing-thumb-224w/7a24d303a1394c20dcf4888d911d5028/-/horizon-files-prod/ed/picture/q0g7nq66/96a8cf2f1e32129a7e739febd04a3fb421dcb005.jpg
Venant,Aprilia,2014,Guediawaye                                                                                 Dakar,850000 ,https://i.roamcdn.net/hz/ed/listing-thumb-224w/e176f515bfa36977f6a72f08f595133f/-/horizon-files-prod/ed/picture/qkr8g9vx/7d72eb5090745934c847d0ed4c4ef7840a69f42a.jpg
Venant,BMW,2020,Almadies                                                                                 Dakar,3900000 ,https://i.roamcdn.net/hz/ed/listing-thumb-224w/96b634e0e4961da264c7a3981685b2b7/-/horizon-files-prod/ed/picture/qde70z60/c7226c9dc724eee4859646b72409618142c35a0f.jpg
Venant,SYM,2016,Cité keur gorgui                                                                                 Dakar,500000 ,https://i.roamcdn.net/hz/ed/listing-thumb-224w/a83d640d39f04f0eb523406a28ee340f/-/horizon-files-prod/ed/picture/q78wj7rz/d41b571bd927ea5db910b0d6d67751bdef164514.jpg
Venant,Kawasaki,2024,Pikine                                                                                 Dakar,950000 ,https://i.roamcdn.net/hz/ed/listing-thumb-224w/f4e810e8af348eab4f292faa2a8c87b2/-/horizon-files-prod/ed/picture/qxjpgmp0/b6d8a17f852493e2bb09049876ab3f7b6ce41bd2.jpg
Venant,Suzuki,2024,Pikine                                                                                 Dakar,600000 ,https://i.roamcdn.net/hz/ed/listing-thumb-224w/a7d0ee08591c35cbe620f202952525b0/-/horizon-files-prod/ed/picture/qrz8nw89/1585c6cfc139ce993fc5e260e5a0bed8b58f7017.jpg
Venant,Suzuki,2024,Pikine                                                                                 Dakar,650000 ,https://i.roamcdn.net/hz/ed/listing-thumb-224w/f252dc744901e43c3995718e85a7b2f4/-/horizon-files-prod/ed/picture/q44n09nv/2145f109bbb19b9f91642e2d5fdf5db6857781c0.jpg
D,Honda,2019,Mbour                                                                                 Thiès,3200000 ,https://i.roamcdn.net/hz/ed/listing-thumb-224w/b173ef8f5af07a57ba0596061bac1884/-/horizon-files-prod/ed/picture/qj4qpxw4/c56dc9829cfeeffc17bd5dada61bdf596d35d165.jpg
Neuf,Yamaha,2024,Plateau                                                                                 Dakar,4500000 ,https://i.roamcdn.net/hz/ed/listing-thumb-224w/edba1b5b6a658d9789427c79ea7236a3/-/horizon-files-prod/ed/picture/qxjpgxkv/e1b7d8acaa2796c7c1b7906826d552765f4903c1.jpg
Neuf,Autre,2024,Ouakam                                                                                 Dakar,350000 ,https://i.roamcdn.net/hz/ed/listing-thumb-224w/818fc995401a1c505baf0e1d797d80ab/-/horizon-files-prod/ed/picture/qgq9zjdr/ba2a13c24dfa81eb512370c62224e6ef26bd490e.jpg
D,Yamaha,2021,Autres                                                                                 Autres,900000 ,https://i.roamcdn.net/hz/ed/listing-thumb-224w/a89b5e3a189454ee950ad6e8ec33bb66/-/horizon-files-prod/ed/picture/qwepggd4/1141cf4d41072b41f4080ae1fe7f6d981b6a1854.jpg
Venant,Kymco,2021,Almadies                                                                                 Dakar,1200000 ,https://i.roamcdn.net/hz/ed/listing-thumb-224w/f9066fe4ec99b74a42fb1913834a621b/-/horizon-files-prod/ed/picture/qgq9r9qn/62fd28beceeb8cb4c3624622c577f7ca49ef9a50.jpg
Venant,Ducati,2023,Hann maristes                                                                                 Dakar,2700000 ,https://i.roamcdn.net/hz/ed/listing-thumb-224w/fccbfadc33e7411e95f64f738f81d2ff/-/horizon-files-prod/ed/picture/q8v4z2zj/e42ab29db72ebb5a8a09b4d2192a3fe624e38391.jpg
Venant,Honda,2020,Castor                                                                                 Dakar,3000000 ,https://i.roamcdn.net/hz/ed/listing-thumb-224w/42b4eaf350c0b648247d64c0f3d9d56a/-/horizon-files-prod/ed/picture/qpdm0w04/63a09b2809814034c8e4dd2de3e8933151a6cbe2.jpg
Venant,BMW,2023,Dieuppeul                                                                                 Dakar,4900000 ,https://i.roamcdn.net/hz/ed/listing-thumb-224w/3f3b031ed932f29572b991d06de7c8ed/-/horizon-files-prod/ed/picture/qrz8rdwj/ee4e970bc3cd027e0888354925830dcc62670d25.jpg
Neuf,Yamaha,2023,Plateau                                                                                 Dakar,4500000 ,https://i.roamcdn.net/hz/ed/listing-thumb-224w/ec25a07740b29458aace15d545206cfe/-/horizon-files-prod/ed/picture/q78wjn5e/22ae8aee9aba9e1d9b0912467e04bf68126ef39f.jpg
D,Polaris,2015,Saly                                                                                 Thiès,12885000 ,https://i.roamcdn.net/hz/ed/listing-thumb-224w/2d37c1da949a5ea589d3a25ad97b95fc/-/horizon-files-prod/ed/picture/q6xdqgk6/7bc38aad1d61fa227ae6a8927a7cb16663cee293.jpg
Venant,Yamaha,2022,Hann maristes                                                                                 Dakar,1700000 ,https://i.roamcdn.net/hz/ed/listing-thumb-224w/f8fe11aae8c2be686bbc02318bedc3c8/-/horizon-files-prod/ed/picture/q6xdqpzj/e5a6f97336d173e28b1e441ce1ee690a7607a457.jpg
Neuf,Yamaha,2016,Liberte 6 extension                                                                                 Dakar,1200000 ,https://i.roamcdn.net/hz/ed/listing-thumb-224w/a87ab69cd7c309926a8d8d025f359836/-/horizon-files-prod/ed/picture/q9mjkdj7/59969f7eb9087aad41ae9fbdf3075ff9d645faac.jpg
D,Piaggio,2019,Ouakam                                                                                 Dakar,850000 ,https://i.roamcdn.net/hz/ed/listing-thumb-224w/3170d9534e31fe7f5087b73a0620d955/-/horizon-files-prod/ed/picture/qv4wdqn2/11cee16eedb3622ade79cae7be1337f0b2744687.jpg
Neuf,Lifan,2024,Sicap Liberté                                                                                 Dakar,1 ,https://i.roamcdn.net/hz/ed/listing-thumb-224w/bdb530ee40e00e73eb8449ee939a5c11/-/horizon-files-prod/ed/picture/q448ej78/cf8b42b55d405814f16003e97961e1f3798c2419.jpg
Neuf,Lifan,2024,Sicap Liberté                                                                                 Dakar,1 ,https://i.roamcdn.net/hz/ed/listing-thumb-224w/c7fb4badb7307de5e5ac6b2f1944d557/-/horizon-files-prod/ed/picture/qrz8rqgn/16ad98419af68281952b6fe7f6ef8064013b3b09.jpg
D,Kymco,2010,Mermoz                                                                                 Dakar,450000 ,https://i.roamcdn.net/hz/ed/listing-thumb-224w/9d945167fb2e0148b3d812f7a68108e9/-/horizon-files-prod/ed/picture/qj4rnq9w/d662fb37c97e9946c3b3b667efa1d9420f8b3b07.jpg
Neuf,Zhongyu,2024,Ouest foire                                                                                 Dakar,450000 ,https://i.roamcdn.net/hz/ed/listing-thumb-224w/5da278cf54a9eed2f6ebd4aa63133594/-/horizon-files-prod/ed/picture/qxjpp4vn/1813e172771dd19ff6ec3191859d7423edc2c5b6.jpg
Venant,BMW,2021,Fann Hock                                                                                 Dakar,7850000 ,https://i.roamcdn.net/hz/ed/listing-thumb-224w/cd96d90574078dbccb001bb3bea0405e/-/horizon-files-prod/ed/picture/q9mj9ejp/704a1dee759289dde83f9610372265796b09a6ac.jpg
Venant,BMW,2021,Ngaparou                                                                                 Thiès,5500000 ,https://i.roamcdn.net/hz/ed/listing-thumb-224w/10977dd60b9b0105973835b95c3c2549/-/horizon-files-prod/ed/picture/qv4we74g/10e67ed328a9548b474423abcad01ceeaff1aff2.jpg
Venant,Yamaha,2022,Fann Hock                                                                                 Dakar,2980000 ,https://i.roamcdn.net/hz/ed/listing-thumb-224w/d884d80b4d912481aeb0e6950fd12d06/-/horizon-files-prod/ed/picture/q9mj9zk0/d874bf23a50f969b594b6cda307fd25aff12cb9d.jpg
Neuf,Autre,2024,Ouakam                                                                                 Dakar,400000 ,https://i.roamcdn.net/hz/ed/listing-thumb-224w/236f8c27dd9c977994415fdd38578870/-/horizon-files-prod/ed/picture/qwe2j5wd/6906b05a31018109c473109e07322d45e46604ed.jpg
Venant,BMW,2018,Cambérène                                                                                 Dakar,3000000 ,https://i.roamcdn.net/hz/ed/listing-thumb-224w/264a64e097cd28e7ccf0f41f54bf0e64/-/horizon-files-prod/ed/picture/qm5gpvrr/7639c61b7ce0e7c119d1d0a24e5fa4a0bce4c3b2.jpg
Venant,Suzuki,2007,Biscuiterie                                                                                 Dakar,1200000 ,https://i.roamcdn.net/hz/ed/listing-thumb-224w/ef6d7c579b2e3e05259cedb8b47eb980/-/horizon-files-prod/ed/picture/q2j0jkkk/e79b61d84a7ffd5bf45c140a37ff8f76e1d5cc01.jpg
Venant,Honda,2008,Yoff                                                                                 Dakar,650000 ,https://i.roamcdn.net/hz/ed/listing-thumb-224w/601fa7994f2eb3894fca4fb33802f198/-/horizon-files-prod/ed/picture/qgq92rer/299dff3eca87597e57099f8cfaf7277810b7a37b.jpg
Neuf,Autre,2024,Ouakam                                                                                 Dakar,1600000 ,https://i.roamcdn.net/hz/ed/listing-thumb-224w/82ddad562771bc84994917cb0ea7016e/-/horizon-files-prod/ed/picture/qpdmd54q/9df0f9c972f7c1cf9a80ac50869009d5bb443acf.jpg
Neuf,Autre,2024,Sicap Liberté                                                                                 Dakar,1 ,https://i.roamcdn.net/hz/ed/listing-thumb-224w/8fc475eb670e87b7ec3405219dd45d1b/-/horizon-files-prod/ed/picture/q2j0jdw2/c07ce722bba1eee08a66204cb734f99cb0e82318.jpg
Neuf,Autre,2023,Grand-Dakar                                                                                 Dakar,8500 ,https://i.roamcdn.net/hz/ed/listing-thumb-224w/1376048b54a34b5d46327ed939b5d181/-/horizon-files-prod/ed/picture/qxj64e9q/5e510ec074e015ad34c89937ef0be14ff48482ce.jpg
Venant,Autre,2022,Virage                                                                                 Dakar,350000 ,https://i.roamcdn.net/hz/ed/listing-thumb-224w/0edc7463b9c902258f14ed5279317243/-/horizon-files-prod/ed/picture/qgq92p2m/7e63a685f13639245aeab5d0944d0c91d5b2d131.jpg
Neuf,Autre,2023,Mbour                                                                                 Thiès,3500000 ,https://i.roamcdn.net/hz/ed/listing-thumb-224w/12d5e091c8319d7ed5ce32e775555bdc/-/horizon-files-prod/ed/picture/qzvdnnk8/30043caf95901c04592566638efc968f9827ecd7.jpg
Neuf,Lifan,2024,Castor                                                                                 Dakar,1550000 ,https://i.roamcdn.net/hz/ed/listing-thumb-224w/091c8a8b1611452b4fba7144a8d1b4d4/-/horizon-files-prod/ed/picture/q56x0860/ec5c2d30fadfd2d765529e99648f7238eef82a0d.jpg
Neuf,Zhongyu,2024,Ouakam                                                                                 Dakar,350000 ,https://i.roamcdn.net/hz/ed/listing-thumb-224w/a229660c6b0eb3f3cb2cd4417ad488ee/-/horizon-files-prod/ed/picture/qrzvprn4/55bc7952e1aa65ae17884ef32eb484ed13a371a7.jpg
Neuf,Lifan,2024,Castor                                                                                 Dakar,1 ,https://i.roamcdn.net/hz/ed/listing-thumb-224w/7925856756ae2436c608ca464458f241/-/horizon-files-prod/ed/picture/qdek8vv0/adf36d0eac772371fcb569b0043051c1e9f8f82f.jpg
Neuf,Autre,2024,Castor                                                                                 Dakar,2500 ,https://i.roamcdn.net/hz/ed/listing-thumb-224w/f6e5f3717aa24b6b1499837f61f13360/-/horizon-files-prod/ed/picture/qgq9xnnq/bd9d37c70a3dc72e6022f9e75f17a6f86ada48c4.jpg
Neuf,Harley,Davidson,Diamniadio                                                                                 Dakar,4700000 ,https://i.roamcdn.net/hz/ed/listing-thumb-224w/b92ee08cd258e1f35ea078c5a84d2180/-/horizon-files-prod/ed/picture/q56xjkw5/728ceb9151d473195b71b11860bd769c13a5c775.jpg
Neuf,Triumph,2022,Diamniadio                                                                                 Dakar,4900000 ,https://i.roamcdn.net/hz/ed/listing-thumb-224w/a8e996ffa9e242e53593269e0314f55f/-/horizon-files-prod/ed/picture/qxj2rmrn/d443641261951e87993a4fcedf4899569e513970.jpg
Neuf,TVS,Motor,Castor                                                                                 Dakar,800000 ,https://i.roamcdn.net/hz/ed/listing-thumb-224w/3e4d02f21bd12ddf374b31b6ad83fc13/-/horizon-files-prod/ed/picture/qenqejn4/3c0647a81cb1fdd7042dbd0e30400c1288c56a59.jpg
Neuf,Lifan,2024,Castor                                                                                 Dakar,1 ,https://i.roamcdn.net/hz/ed/listing-thumb-224w/62d59417019c30d19bacebab5981d443/-/horizon-files-prod/ed/picture/qngxepeg/6e1f83c24e963cdf4fa6da4becbc846f3f482712.jpg
Neuf,Bajaj,2024,Castor                                                                                 Dakar,1 ,https://i.roamcdn.net/hz/ed/listing-thumb-224w/a58a18d22b79409ddc409482f6bd4748/-/horizon-files-prod/ed/picture/qwe272ng/64f08b5938ec1cd4740407467fe6b5cc5eff11f8.png
Neuf,Lifan,2024,Castor                                                                                 Dakar,1 ,https://i.roamcdn.net/hz/ed/listing-thumb-224w/13fc73d69cd3d951d38c594c8d02f617/-/horizon-files-prod/ed/picture/qngxex09/6f278f7064b69d65860d72d1c8c4f97b7edd555d.jpg
Neuf,Lifan,2024,Castor                                                                                 Dakar,1 ,https://i.roamcdn.net/hz/ed/listing-thumb-224w/abe1eef98989b09813f418bb81506549/-/horizon-files-prod/ed/picture/qenqkgk5/93a4a27d274c00760d7cbe57685ff5b877cc7bc4.jpg
Neuf,Bajaj,2024,Sicap Liberté                                                                                 Dakar,1 ,https://i.roamcdn.net/hz/ed/listing-thumb-224w/794366790215de4ec009edf91e74835b/-/horizon-files-prod/ed/picture/q7854k0z/8fac781488b370aac0087f18f1d1ecba83723225.jpg
Neuf,Autre,2024,Castor                                                                                 Dakar,1 ,https://i.roamcdn.net/hz/ed/listing-thumb-224w/0afa4a0607a65fa969419a706d5cc890/-/horizon-files-prod/ed/picture/qv4ej4vk/c2b87188c62e7411f9d08ea861105cfee970d0c0.jpg
Neuf,Bajaj,2024,Castor                                                                                 Dakar,1 ,https://i.roamcdn.net/hz/ed/listing-thumb-224w/9f555e055dbde784cca112f143bf10f3/-/horizon-files-prod/ed/picture/q8v58w26/1c49a7ea56b5cc12e28baa1dbdcabd4c72bd7b2d.jpg
Neuf,Autre,2024,Ouakam                                                                                 Dakar,6 ,https://i.roamcdn.net/hz/ed/listing-thumb-224w/b7abd68c8a91ae83807e0aea3ffcfa23/-/horizon-files-prod/ed/picture/qenq2j2j/8c2fe225bd22c88cb76eae43227893c20d7b78a1.jpg
Neuf,Autre,2024,Fass                                                                                 Dakar,1 ,https://i.roamcdn.net/hz/ed/listing-thumb-224w/1cdfc087311bd60001363568a99143ad/-/horizon-files-prod/ed/picture/qgq9kv80/cf839bff181c98162ced19a5161cc6f7a2437c5f.jpg
Neuf,Autre,2024,Castor                                                                                 Dakar,1 ,https://i.roamcdn.net/hz/ed/listing-thumb-224w/2e44aac41de4a8889cf22b9964075a45/-/horizon-files-prod/ed/picture/qwe2jqqm/c78d5db344e784b36b074e0c0befb767ec5e5917.jpg
Neuf,Autre,2024,Ouakam                                                                                 Dakar,350000 ,https://i.roamcdn.net/hz/ed/listing-thumb-224w/bc369bb15d1b78260b79cb965e03167c/-/horizon-files-prod/ed/picture/qj4r2725/7500b97723f6d5ddc25ee089b38de9913ef308c7.jpg
Neuf,Autre,2023,Ouakam                                                                                 Dakar,520000 ,https://i.roamcdn.net/hz/ed/listing-thumb-224w/daa15c5b8c351490754c45da20134af3/-/horizon-files-prod/ed/picture/qxj2xnrq/96cba9081562076a8ee66bbcc0716b2c68200f61.jpg
Neuf,Suzuki,2023,Colobane                                                                                 Dakar,600000 ,https://i.roamcdn.net/hz/ed/listing-thumb-224w/681619d26088a4f83b96ad885e11b5cf/-/horizon-files-prod/ed/picture/qkrg85nv/dba3217cd07235497b050e6bb3a03264b8452eb3.jpg
Neuf,Autre,2023,Castor                                                                                 Dakar,31000 ,https://i.roamcdn.net/hz/ed/listing-thumb-224w/ebc03d71c0c35e26e221dce5906812db/-/horizon-files-prod/ed/picture/qv4egxq2/a894b99ea185728e1991c3748d68b679b90d60d7.jpg
Neuf,Autre,2023,Castor                                                                                 Dakar,1 ,https://i.roamcdn.net/hz/ed/listing-thumb-224w/4aa6d36b7a32527786d6b21a03cf7107/-/horizon-files-prod/ed/picture/qgq9p4gr/a06023fe252b612e1e48fca15844c002ce4e7adc.jpg
Neuf,Autre,2023,Castor                                                                                 Dakar,12000 ,https://i.roamcdn.net/hz/ed/listing-thumb-224w/0375d0a37485a046d5c225a521d09d42/-/horizon-files-prod/ed/picture/qv4e9wjm/5d07887532f9a1f3da867e00175473df4d0b5af3.jpg
Neuf,Autre,2023,Grand-Dakar                                                                                 Dakar,305000 ,https://i.roamcdn.net/hz/ed/listing-thumb-224w/01ad4529f59adfb9cd59583819046ee7/-/horizon-files-prod/ed/picture/qv4ewnjj/ff6f0abf610cc7afeda7c80d200fc47a2e800620.png
